case_id,segment,incomplete,query,expected_number,expected_street,expected_neighborhood,expected_city,expected_state,expected_postcode,expected_latitude,expected_longitude,expected_inside_jurisdiction
JF-C-0001,central,true,"RUA HOWYAN, CENTRO, Juiz de Fora, MG, 36060-060",60,RUA HOWYAN,CENTRO,Juiz de Fora,MG,36060-060,-21.756212,-43.346288,true
JF-C-0002,central,true,"RUA SANTO ANTONIO, 447, CENTRO, Juiz de Fora, MG",447,RUA SANTO ANTONIO,CENTRO,Juiz de Fora,MG,36015-000,-21.757428,-43.352174,true
JF-C-0003,central,true,"RUA SILVA JARDIM, 480, Juiz de Fora, MG, 36015-390",480,RUA SILVA JARDIM,CENTRO,Juiz de Fora,MG,36015-390,-21.756130,-43.354471,true
JF-C-0004,central,true,"R. SANTO ANTONIO, 1130, CENTRO, Juiz de Fora, MG",1130,RUA SANTO ANTONIO,CENTRO,Juiz de Fora,MG,36015-000,-21.763389,-43.350578,true
JF-C-0005,central,true,"RUA ESPIRITO SANTO, CENTRO, Juiz de Fora, MG, 36016-200",1301,RUA ESPIRITO SANTO,CENTRO,Juiz de Fora,MG,36016-200,-21.764764,-43.351207,true
JF-C-0006,central,true,"AVENIDA BARAO DO RIO BRANCO, 2872, CENTRO, Juiz de Fora, MG",2872,AVENIDA BARAO DO RIO BRANCO,CENTRO,Juiz de Fora,MG,36016-311,-21.767162,-43.348080,true
JF-C-0007,central,true,"RUA HALFELD, 1179, Juiz de Fora, MG, 36016-000",1179,RUA HALFELD,CENTRO,Juiz de Fora,MG,36016-000,-21.762279,-43.352548,true
JF-C-0008,central,true,"R. HALFELD, 1174, CENTRO, Juiz de Fora, MG",1174,RUA HALFELD,CENTRO,Juiz de Fora,MG,36016-000,-21.762359,-43.352503,true
JF-C-0009,central,true,"RUA BATISTA DE OLIVEIRA, CENTRO, Juiz de Fora, MG, 36010-120",482,RUA BATISTA DE OLIVEIRA,CENTRO,Juiz de Fora,MG,36010-120,-21.760222,-43.347071,true
JF-C-0010,central,true,"RUA SANTO ANTONIO, 437, CENTRO, Juiz de Fora, MG",437,RUA SANTO ANTONIO,CENTRO,Juiz de Fora,MG,36015-000,-21.757312,-43.352220,true
JF-C-0011,central,true,"RUA BATISTA DE OLIVEIRA, 377, Juiz de Fora, MG, 36013-300",377,RUA BATISTA DE OLIVEIRA,CENTRO,Juiz de Fora,MG,36013-300,-21.759145,-43.347434,true
JF-C-0012,central,true,"R. MARECHAL DEODORO, 1046, CENTRO, Juiz de Fora, MG",1046,RUA MARECHAL DEODORO,CENTRO,Juiz de Fora,MG,36015-460,-21.761447,-43.353981,true
JF-C-0013,central,true,"RUA DOUTOR CONSTANTINO PALETA, CENTRO, Juiz de Fora, MG, 36015-450",203,RUA DOUTOR CONSTANTINO PALETA,CENTRO,Juiz de Fora,MG,36015-450,-21.760443,-43.353412,true
JF-C-0014,central,true,"RUA BATISTA DE OLIVEIRA, 680, CENTRO, Juiz de Fora, MG",680,RUA BATISTA DE OLIVEIRA,CENTRO,Juiz de Fora,MG,36010-121,-21.761902,-43.346387,true
JF-C-0015,central,true,"RUA TIRADENTES, 567, Juiz de Fora, MG, 36015-455",567,RUA TIRADENTES,CENTRO,Juiz de Fora,MG,36015-455,-21.760384,-43.354012,true
JF-C-0016,central,true,"Av. PRESIDENTE ITAMAR FRANCO, 1600, CENTRO, Juiz de Fora, MG",1600,AVENIDA PRESIDENTE ITAMAR FRANCO,CENTRO,Juiz de Fora,MG,36016-320,-21.767946,-43.350211,true
JF-C-0017,central,true,"RUA MARECHAL FLORIANO PEIXOTO, CENTRO, Juiz de Fora, MG, 36013-080",43,RUA MARECHAL FLORIANO PEIXOTO,CENTRO,Juiz de Fora,MG,36013-080,-21.758009,-43.346285,true
JF-C-0018,central,true,"RUA SAO SEBASTIAO, 458, CENTRO, Juiz de Fora, MG",458,RUA SAO SEBASTIAO,CENTRO,Juiz de Fora,MG,36013-260,-21.757082,-43.348510,true
JF-C-0019,central,true,"AVENIDA GETULIO VARGAS, Juiz de Fora, MG, 36013-011",,AVENIDA GETULIO VARGAS,CENTRO,Juiz de Fora,MG,36013-011,-21.762803,-43.343185,true
JF-C-0020,central,true,"R. SANTOS DUMONT, 56, CENTRO, Juiz de Fora, MG",56,RUA SANTOS DUMONT,CENTRO,Juiz de Fora,MG,36010-510,-21.763927,-43.344048,true
JF-C-0021,central,true,"RUA MARECHAL DEODORO, CENTRO, Juiz de Fora, MG, 36013-001",492,RUA MARECHAL DEODORO,CENTRO,Juiz de Fora,MG,36013-001,-21.760229,-43.348945,true
JF-C-0022,central,true,"RUA HALFELD, 306, CENTRO, Juiz de Fora, MG",306,RUA HALFELD,CENTRO,Juiz de Fora,MG,36010-000,-21.760279,-43.344332,true
JF-C-0023,central,true,"RUA SANTA RITA, 175, Juiz de Fora, MG, 36010-071",175,RUA SANTA RITA,CENTRO,Juiz de Fora,MG,36010-071,-21.761797,-43.345248,true
JF-C-0024,central,true,"R. SANTO ANTONIO, 830, CENTRO, Juiz de Fora, MG",830,RUA SANTO ANTONIO,CENTRO,Juiz de Fora,MG,36015-001,-21.760842,-43.351218,true
JF-C-0025,central,true,"RUA ESPIRITO SANTO, CENTRO, Juiz de Fora, MG, 36010-040",626,RUA ESPIRITO SANTO,CENTRO,Juiz de Fora,MG,36010-040,-21.763608,-43.345007,true
JF-C-0026,central,true,"RUA FERNANDO LOBO, 50, CENTRO, Juiz de Fora, MG",50,RUA FERNANDO LOBO,CENTRO,Juiz de Fora,MG,36016-230,-21.763728,-43.349677,true
JF-C-0027,central,true,"RUA ESPIRITO SANTO, 637, Juiz de Fora, MG, 36010-040",637,RUA ESPIRITO SANTO,CENTRO,Juiz de Fora,MG,36010-040,-21.763188,-43.344444,true
JF-C-0028,central,true,"R. FARMACEUTICO VESPASIANO PINTO VIEIRA, 50, CENTRO, Juiz de Fora, MG",50,RUA FARMACEUTICO VESPASIANO PINTO VIEIRA,CENTRO,Juiz de Fora,MG,36060-070,-21.755541,-43.345869,true
JF-C-0029,central,true,"RUA ESPIRITO SANTO, CENTRO, Juiz de Fora, MG, 36010-040",662,RUA ESPIRITO SANTO,CENTRO,Juiz de Fora,MG,36010-040,-21.763192,-43.344692,true
JF-C-0030,central,true,"RUA ESPIRITO SANTO, 690, CENTRO, Juiz de Fora, MG",690,RUA ESPIRITO SANTO,CENTRO,Juiz de Fora,MG,36010-040,-21.763264,-43.344828,true
JF-C-0031,central,true,"RUA JARBAS DE LERY SANTOS, 1743, Juiz de Fora, MG, 36013-150",1743,RUA JARBAS DE LERY SANTOS,CENTRO,Juiz de Fora,MG,36013-150,-21.756462,-43.350707,true
JF-C-0032,central,true,"Av. BRASIL, 2001, CENTRO, Juiz de Fora, MG",2001,AVENIDA BRASIL,CENTRO,Juiz de Fora,MG,36060-010,-21.757363,-43.343656,true
JF-C-0033,central,true,"AVENIDA FRANCISCO BERNARDINO, CENTRO, Juiz de Fora, MG, 36013-100",743,AVENIDA FRANCISCO BERNARDINO,CENTRO,Juiz de Fora,MG,36013-100,-21.754002,-43.350536,true
JF-C-0034,central,true,"RUA SANTA RITA, 363, CENTRO, Juiz de Fora, MG",363,RUA SANTA RITA,CENTRO,Juiz de Fora,MG,36010-071,-21.762336,-43.346896,true
JF-C-0035,central,true,"RUA ESPIRITO SANTO, 719, Juiz de Fora, MG, 36010-041",719,RUA ESPIRITO SANTO,CENTRO,Juiz de Fora,MG,36010-041,-21.763219,-43.345480,true
JF-C-0036,central,true,"R. MARECHAL DEODORO, 385, CENTRO, Juiz de Fora, MG",385,RUA MARECHAL DEODORO,CENTRO,Juiz de Fora,MG,36013-001,-21.759988,-43.347802,true
JF-C-0037,central,true,"AVENIDA BARAO DO RIO BRANCO, CENTRO, Juiz de Fora, MG, 36013-020",1851,AVENIDA BARAO DO RIO BRANCO,CENTRO,Juiz de Fora,MG,36013-020,-21.758087,-43.350407,true
JF-C-0038,central,true,"AVENIDA KAICHER, 145, CENTRO, Juiz de Fora, MG",145,AVENIDA KAICHER,CENTRO,Juiz de Fora,MG,36060-030,-21.757340,-43.343663,true
JF-C-0039,central,true,"RUA ESPIRITO SANTO, 650, Juiz de Fora, MG, 36010-040",650,RUA ESPIRITO SANTO,CENTRO,Juiz de Fora,MG,36010-040,-21.763137,-43.344525,true
JF-C-0040,central,true,"R. LEOPOLDO SCHMIDT, 148, CENTRO, Juiz de Fora, MG",148,RUA LEOPOLDO SCHMIDT,CENTRO,Juiz de Fora,MG,36060-040,-21.756304,-43.345741,true
JF-C-0041,central,false,"RUA HALFELD, 450, CENTRO, Juiz de Fora, MG, 36010-000",450,RUA HALFELD,CENTRO,Juiz de Fora,MG,36010-000,-21.760560,-43.345655,true
JF-C-0042,central,false,"RUA BENJAMIN CONSTANT, 805, CENTRO, Juiz de Fora, MG, 36015-400",805,RUA BENJAMIN CONSTANT,CENTRO,Juiz de Fora,MG,36015-400,-21.756181,-43.352248,true
JF-C-0043,central,false,"RUA SANTA RITA, 177, CENTRO, Juiz de Fora, MG, 36010-071",177,RUA SANTA RITA,CENTRO,Juiz de Fora,MG,36010-071,-21.761823,-43.345343,true
JF-C-0044,central,false,"RUA HALFELD, 955, CENTRO, Juiz de Fora, MG, 36016-000",955,RUA HALFELD,CENTRO,Juiz de Fora,MG,36016-000,-21.761437,-43.350304,true
JF-C-0045,central,false,"RUA SAMPAIO, 291, CENTRO, Juiz de Fora, MG, 36010-359",291,RUA SAMPAIO,CENTRO,Juiz de Fora,MG,36010-359,-21.766507,-43.346108,true
JF-C-0046,central,false,"RUA ESPIRITO SANTO, 635, CENTRO, Juiz de Fora, MG, 36010-040",635,RUA ESPIRITO SANTO,CENTRO,Juiz de Fora,MG,36010-040,-21.763003,-43.344358,true
JF-C-0047,central,false,"RUA MARECHAL DEODORO, 197, CENTRO, Juiz de Fora, MG, 36013-000",197,RUA MARECHAL DEODORO,CENTRO,Juiz de Fora,MG,36013-000,-21.759668,-43.346084,true
JF-C-0048,central,false,"RUA BARAO DE SANTA HELENA, 79, CENTRO, Juiz de Fora, MG, 36010-520",79,RUA BARAO DE SANTA HELENA,CENTRO,Juiz de Fora,MG,36010-520,-21.763987,-43.344821,true
JF-C-0049,central,false,"AVENIDA BARAO DO RIO BRANCO, 2340, CENTRO, Juiz de Fora, MG, 36010-010",2340,AVENIDA BARAO DO RIO BRANCO,CENTRO,Juiz de Fora,MG,36010-010,-21.762587,-43.349897,true
JF-C-0050,central,false,"AVENIDA BARAO DO RIO BRANCO, 1820, CENTRO, Juiz de Fora, MG, 36015-510",1820,AVENIDA BARAO DO RIO BRANCO,CENTRO,Juiz de Fora,MG,36015-510,-21.757950,-43.350585,true
JF-C-0051,central,false,"RUA HALFELD, 422, CENTRO, Juiz de Fora, MG, 36010-000",422,RUA HALFELD,CENTRO,Juiz de Fora,MG,36010-000,-21.760403,-43.345543,true
JF-C-0052,central,false,"RUA LEOPOLDO SCHMIDT, 145, CENTRO, Juiz de Fora, MG, 36060-040",145,RUA LEOPOLDO SCHMIDT,CENTRO,Juiz de Fora,MG,36060-040,-21.756742,-43.346422,true
JF-C-0053,central,false,"RUA ESPIRITO SANTO, 651, CENTRO, Juiz de Fora, MG, 36010-040",651,RUA ESPIRITO SANTO,CENTRO,Juiz de Fora,MG,36010-040,-21.763173,-43.344601,true
JF-C-0054,central,false,"PRACA LARGO DO RIACHUELO, CENTRO, Juiz de Fora, MG, 36013-200",,PRACA LARGO DO RIACHUELO,CENTRO,Juiz de Fora,MG,36013-200,-21.756609,-43.350325,true
JF-C-0055,central,false,"AVENIDA PRESIDENTE GETULIO VARGAS, CENTRO, Juiz de Fora, MG, 36010-110",,AVENIDA PRESIDENTE GETULIO VARGAS,CENTRO,Juiz de Fora,MG,36010-110,-21.760558,-43.346259,true
JF-C-0056,central,false,"RUA HALFELD, CENTRO, Juiz de Fora, MG, 36016-000",,RUA HALFELD,CENTRO,Juiz de Fora,MG,36016-000,-21.761382,-43.350130,true
JF-C-0057,central,false,"AVENIDA BARAO DO RIO BRANCO, 1219, CENTRO, Juiz de Fora, MG, 36035-000",1219,AVENIDA BARAO DO RIO BRANCO,CENTRO,Juiz de Fora,MG,36035-000,-21.752317,-43.351758,true
JF-C-0058,central,false,"RUA MARECHAL DEODORO, 942, CENTRO, Juiz de Fora, MG, 36015-460",942,RUA MARECHAL DEODORO,CENTRO,Juiz de Fora,MG,36015-460,-21.761222,-43.353018,true
JF-C-0059,central,false,"AVENIDA PRESIDENTE ITAMAR FRANCO, 609, CENTRO, Juiz de Fora, MG, 36010-020",609,AVENIDA PRESIDENTE ITAMAR FRANCO,CENTRO,Juiz de Fora,MG,36010-020,-21.762744,-43.344713,true
JF-C-0060,central,false,"AVENIDA BARAO DO RIO BRANCO, 2655, CENTRO, Juiz de Fora, MG, 36010-012",2655,AVENIDA BARAO DO RIO BRANCO,CENTRO,Juiz de Fora,MG,36010-012,-21.765188,-43.348941,true
JF-C-0061,central,false,"RUA HALFELD, 603, CENTRO, Juiz de Fora, MG, 36010-000",603,RUA HALFELD,CENTRO,Juiz de Fora,MG,36010-000,-21.760991,-43.347154,true
JF-C-0062,central,false,"AVENIDA PRESIDENTE ITAMAR FRANCO, 905, CENTRO, Juiz de Fora, MG, 36010-021",905,AVENIDA PRESIDENTE ITAMAR FRANCO,CENTRO,Juiz de Fora,MG,36010-021,-21.762062,-43.348722,true
JF-C-0063,central,false,"RUA BARAO DE SAO JOAO NEPOMUCENO, 312, CENTRO, Juiz de Fora, MG, 36010-081",312,RUA BARAO DE SAO JOAO NEPOMUCENO,CENTRO,Juiz de Fora,MG,36010-081,-21.761503,-43.347939,true
JF-C-0064,central,false,"RUA SANTO ANTONIO, 382, CENTRO, Juiz de Fora, MG, 36015-000",382,RUA SANTO ANTONIO,CENTRO,Juiz de Fora,MG,36015-000,-21.756995,-43.352063,true
JF-C-0065,central,false,"RUA SANTO ANTONIO, 286, CENTRO, Juiz de Fora, MG, 36015-000",286,RUA SANTO ANTONIO,CENTRO,Juiz de Fora,MG,36015-000,-21.755989,-43.352570,true
JF-C-0066,central,false,"RUA MARECHAL DEODORO, 942, CENTRO, Juiz de Fora, MG, 36015-460",942,RUA MARECHAL DEODORO,CENTRO,Juiz de Fora,MG,36015-460,-21.761219,-43.353015,true
JF-C-0067,central,false,"RUA TIRADENTES, 781, CENTRO, Juiz de Fora, MG, 36015-360",781,RUA TIRADENTES,CENTRO,Juiz de Fora,MG,36015-360,-21.762155,-43.353507,true
JF-C-0068,central,false,"AVENIDA PRESIDENTE ITAMAR FRANCO, 607, CENTRO, Juiz de Fora, MG, 36010-020",607,AVENIDA PRESIDENTE ITAMAR FRANCO,CENTRO,Juiz de Fora,MG,36010-020,-21.762577,-43.345078,true
JF-C-0069,central,false,"RUA ESPIRITO SANTO, 993, CENTRO, Juiz de Fora, MG, 36010-041",993,RUA ESPIRITO SANTO,CENTRO,Juiz de Fora,MG,36010-041,-21.763760,-43.347877,true
JF-C-0070,central,false,"RUA ESPIRITO SANTO, 521, CENTRO, Juiz de Fora, MG, 36010-040",521,RUA ESPIRITO SANTO,CENTRO,Juiz de Fora,MG,36010-040,-21.762873,-43.343595,true
JF-C-0071,central,false,"AVENIDA GETULIO VARGAS, 721, CENTRO, Juiz de Fora, MG, 36013-010",721,AVENIDA GETULIO VARGAS,CENTRO,Juiz de Fora,MG,36013-010,-21.758733,-43.348428,true
JF-C-0072,central,false,"AVENIDA PRESIDENTE ITAMAR FRANCO, 988, CENTRO, Juiz de Fora, MG, 36010-021",988,AVENIDA PRESIDENTE ITAMAR FRANCO,CENTRO,Juiz de Fora,MG,36010-021,-21.765495,-43.347351,true
JF-C-0073,central,false,"RUA BARAO DE CATAGUASES, 32, CENTRO, Juiz de Fora, MG, 36015-370",32,RUA BARAO DE CATAGUASES,CENTRO,Juiz de Fora,MG,36015-370,-21.754036,-43.352586,true
JF-C-0074,central,false,"GALERIA AZARIAS VILELA, 30, CENTRO, Juiz de Fora, MG, 36010-200",30,GALERIA AZARIAS VILELA,CENTRO,Juiz de Fora,MG,36010-200,-21.761192,-43.347741,true
JF-C-0075,central,false,"RUA MARECHAL FLORIANO PEIXOTO, 435, CENTRO, Juiz de Fora, MG, 36013-080",435,RUA MARECHAL FLORIANO PEIXOTO,CENTRO,Juiz de Fora,MG,36013-080,-21.758882,-43.349963,true
JF-C-0076,central,false,"RUA HALFELD, 704, CENTRO, Juiz de Fora, MG, 36010-003",704,RUA HALFELD,CENTRO,Juiz de Fora,MG,36010-003,-21.761201,-43.348066,true
JF-C-0077,central,false,"RUA JARBAS DE LERY SANTOS, 1685, CENTRO, Juiz de Fora, MG, 36013-150",1685,RUA JARBAS DE LERY SANTOS,CENTRO,Juiz de Fora,MG,36013-150,-21.756386,-43.350272,true
JF-C-0078,central,false,"TRAVESSA DOUTOR PRISCO, CENTRO, Juiz de Fora, MG, 36010-330",,TRAVESSA DOUTOR PRISCO,CENTRO,Juiz de Fora,MG,36010-330,-21.760734,-43.343150,true
JF-C-0079,central,false,"AVENIDA BARAO DO RIO BRANCO, 1844, CENTRO, Juiz de Fora, MG, 36015-510",1844,AVENIDA BARAO DO RIO BRANCO,CENTRO,Juiz de Fora,MG,36015-510,-21.758178,-43.350624,true
JF-C-0080,central,false,"RUA MARECHAL FLORIANO PEIXOTO, 362, CENTRO, Juiz de Fora, MG, 36013-080",362,RUA MARECHAL FLORIANO PEIXOTO,CENTRO,Juiz de Fora,MG,36013-080,-21.759398,-43.348528,true
JF-C-0081,central,false,"RUA FONSECA HERMES, 193, CENTRO, Juiz de Fora, MG, 36013-090",193,RUA FONSECA HERMES,CENTRO,Juiz de Fora,MG,36013-090,-21.758765,-43.347284,true
JF-C-0082,central,false,"RUA BENJAMIN CONSTANT, 567, CENTRO, Juiz de Fora, MG, 36013-050",567,RUA BENJAMIN CONSTANT,CENTRO,Juiz de Fora,MG,36013-050,-21.755275,-43.350219,true
JF-C-0083,central,false,"RUA HALFELD, 332, CENTRO, Juiz de Fora, MG, 36010-000",332,RUA HALFELD,CENTRO,Juiz de Fora,MG,36010-000,-21.760239,-43.344623,true
JF-C-0084,central,false,"RUA SANTO ANTONIO, 463, CENTRO, Juiz de Fora, MG, 36015-000",463,RUA SANTO ANTONIO,CENTRO,Juiz de Fora,MG,36015-000,-21.757509,-43.352147,true
JF-C-0085,central,false,"AVENIDA PRESIDENTE ITAMAR FRANCO, 755, CENTRO, Juiz de Fora, MG, 36010-021",755,AVENIDA PRESIDENTE ITAMAR FRANCO,CENTRO,Juiz de Fora,MG,36010-021,-21.763587,-43.346466,true
JF-C-0086,central,false,"GALERIA DOUTOR JOAO BERALDO, 763, CENTRO, Juiz de Fora, MG, 36010-220",763,GALERIA DOUTOR JOAO BERALDO,CENTRO,Juiz de Fora,MG,36010-220,-21.762617,-43.348943,true
JF-C-0087,central,false,"RUA SANTO ANTONIO, 415, CENTRO, Juiz de Fora, MG, 36015-000",415,RUA SANTO ANTONIO,CENTRO,Juiz de Fora,MG,36015-000,-21.757052,-43.352258,true
JF-C-0088,central,false,"AVENIDA BARAO DO RIO BRANCO, 1551, CENTRO, Juiz de Fora, MG, 36013-020",1551,AVENIDA BARAO DO RIO BRANCO,CENTRO,Juiz de Fora,MG,36013-020,-21.755494,-43.351247,true
JF-C-0089,central,false,"RUA BATISTA DE OLIVEIRA, 943, CENTRO, Juiz de Fora, MG, 36010-532",943,RUA BATISTA DE OLIVEIRA,CENTRO,Juiz de Fora,MG,36010-532,-21.764212,-43.345931,true
JF-C-0090,central,false,"AVENIDA PRESIDENTE ITAMAR FRANCO, 1527, CENTRO, Juiz de Fora, MG, 36016-320",1527,AVENIDA PRESIDENTE ITAMAR FRANCO,CENTRO,Juiz de Fora,MG,36016-320,-21.767427,-43.349807,true
JF-C-0091,central,false,"RUA ESPIRITO SANTO, 892, CENTRO, Juiz de Fora, MG, 36010-041",892,RUA ESPIRITO SANTO,CENTRO,Juiz de Fora,MG,36010-041,-21.763610,-43.346724,true
JF-C-0092,central,false,"RUA OSCAR VIDAL, 307, CENTRO, Juiz de Fora, MG, 36016-290",307,RUA OSCAR VIDAL,CENTRO,Juiz de Fora,MG,36016-290,-21.765156,-43.349717,true
JF-C-0093,central,false,"RUA DOUTOR CONSTANTINO PALETA, 120, CENTRO, Juiz de Fora, MG, 36015-450",120,RUA DOUTOR CONSTANTINO PALETA,CENTRO,Juiz de Fora,MG,36015-450,-21.760308,-43.352805,true
JF-C-0094,central,false,"RUA SAO SEBASTIAO, 772, CENTRO, Juiz de Fora, MG, 36015-410",772,RUA SAO SEBASTIAO,CENTRO,Juiz de Fora,MG,36015-410,-21.757692,-43.351648,true
JF-C-0095,central,false,"AVENIDA GETULIO VARGAS, 571, CENTRO, Juiz de Fora, MG, 36013-010",571,AVENIDA GETULIO VARGAS,CENTRO,Juiz de Fora,MG,36013-010,-21.759325,-43.347432,true
JF-C-0096,central,false,"AVENIDA BARAO DO RIO BRANCO, 2455, CENTRO, Juiz de Fora, MG, 36010-011",2455,AVENIDA BARAO DO RIO BRANCO,CENTRO,Juiz de Fora,MG,36010-011,-21.763701,-43.349162,true
JF-C-0097,central,false,"RUA MARECHAL DEODORO, 552, CENTRO, Juiz de Fora, MG, 36013-001",552,RUA MARECHAL DEODORO,CENTRO,Juiz de Fora,MG,36013-001,-21.760366,-43.349422,true
JF-C-0098,central,false,"RUA MARECHAL DEODORO, 496, CENTRO, Juiz de Fora, MG, 36013-001",496,RUA MARECHAL DEODORO,CENTRO,Juiz de Fora,MG,36013-001,-21.760247,-43.348995,true
JF-C-0099,central,false,"AVENIDA BARAO DO RIO BRANCO, 1843, CENTRO, Juiz de Fora, MG, 36013-020",1843,AVENIDA BARAO DO RIO BRANCO,CENTRO,Juiz de Fora,MG,36013-020,-21.757810,-43.350120,true
JF-C-0100,central,false,"RUA MARECHAL DEODORO, 230, CENTRO, Juiz de Fora, MG, 36013-000",230,RUA MARECHAL DEODORO,CENTRO,Juiz de Fora,MG,36013-000,-21.759668,-43.346350,true
JF-C-0101,central,false,"RUA MISTER MOORE, 70, CENTRO, Juiz de Fora, MG, 36013-180",70,RUA MISTER MOORE,CENTRO,Juiz de Fora,MG,36013-180,-21.759386,-43.348692,true
JF-C-0102,central,false,"RUA SAO SEBASTIAO, 698, CENTRO, Juiz de Fora, MG, 36015-410",698,RUA SAO SEBASTIAO,CENTRO,Juiz de Fora,MG,36015-410,-21.757662,-43.350805,true
JF-C-0103,central,false,"RUA SAMPAIO, 381, CENTRO, Juiz de Fora, MG, 36010-359",381,RUA SAMPAIO,CENTRO,Juiz de Fora,MG,36010-359,-21.766814,-43.346991,true
JF-C-0104,central,false,"RUA SANTO ANTONIO, 1009, CENTRO, Juiz de Fora, MG, 36016-210",1009,RUA SANTO ANTONIO,CENTRO,Juiz de Fora,MG,36016-210,-21.762203,-43.350919,true
JF-C-0105,central,false,"RUA HALFELD, 399, CENTRO, Juiz de Fora, MG, 36010-000",399,RUA HALFELD,CENTRO,Juiz de Fora,MG,36010-000,-21.760365,-43.345298,true
JF-C-0106,central,false,"AVENIDA BARAO DO RIO BRANCO, 1963, CENTRO, Juiz de Fora, MG, 36013-020",1963,AVENIDA BARAO DO RIO BRANCO,CENTRO,Juiz de Fora,MG,36013-020,-21.759188,-43.350489,true
JF-C-0107,central,false,"RUA REI ALBERTO, 183, CENTRO, Juiz de Fora, MG, 36016-300",183,RUA REI ALBERTO,CENTRO,Juiz de Fora,MG,36016-300,-21.766075,-43.350468,true
JF-C-0108,central,false,"AVENIDA BARAO DO RIO BRANCO, 2337, CENTRO, Juiz de Fora, MG, 36010-010",2337,AVENIDA BARAO DO RIO BRANCO,CENTRO,Juiz de Fora,MG,36010-010,-21.762519,-43.349338,true
JF-C-0109,central,false,"RUA MARECHAL DEODORO, 334, CENTRO, Juiz de Fora, MG, 36013-001",334,RUA MARECHAL DEODORO,CENTRO,Juiz de Fora,MG,36013-001,-21.760041,-43.347370,true
JF-C-0110,central,false,"AVENIDA BARAO DO RIO BRANCO, 1964, CENTRO, Juiz de Fora, MG, 36015-510",1964,AVENIDA BARAO DO RIO BRANCO,CENTRO,Juiz de Fora,MG,36015-510,-21.759337,-43.350480,true
JF-C-0111,central,false,"AVENIDA BARAO DO RIO BRANCO, 1929, CENTRO, Juiz de Fora, MG, 36013-020",1929,AVENIDA BARAO DO RIO BRANCO,CENTRO,Juiz de Fora,MG,36013-020,-21.758829,-43.350487,true
JF-C-0112,central,false,"RUA SANTA RITA, 538, CENTRO, Juiz de Fora, MG, 36010-071",538,RUA SANTA RITA,CENTRO,Juiz de Fora,MG,36010-071,-21.762741,-43.348698,true
JF-C-0113,central,false,"RUA ESPIRITO SANTO, 559, CENTRO, Juiz de Fora, MG, 36010-040",559,RUA ESPIRITO SANTO,CENTRO,Juiz de Fora,MG,36010-040,-21.763015,-43.343825,true
JF-C-0114,central,false,"RUA MARECHAL DEODORO, 447, CENTRO, Juiz de Fora, MG, 36013-001",447,RUA MARECHAL DEODORO,CENTRO,Juiz de Fora,MG,36013-001,-21.760144,-43.348405,true
JF-C-0115,central,false,"RUA HALFELD, 720, CENTRO, Juiz de Fora, MG, 36010-003",720,RUA HALFELD,CENTRO,Juiz de Fora,MG,36010-003,-21.761061,-43.348439,true
JF-C-0116,central,false,"RUA HALFELD, 651, CENTRO, Juiz de Fora, MG, 36010-000",651,RUA HALFELD,CENTRO,Juiz de Fora,MG,36010-000,-21.760792,-43.347683,true
JF-C-0117,central,false,"RUA SANTO ANTONIO, 630, CENTRO, Juiz de Fora, MG, 36015-001",630,RUA SANTO ANTONIO,CENTRO,Juiz de Fora,MG,36015-001,-21.758931,-43.351670,true
JF-C-0118,central,false,"RUA SANTO ANTONIO, 1460, CENTRO, Juiz de Fora, MG, 36016-211",1460,RUA SANTO ANTONIO,CENTRO,Juiz de Fora,MG,36016-211,-21.766133,-43.349792,true
JF-C-0119,central,false,"AVENIDA PRESIDENTE ITAMAR FRANCO, 871, CENTRO, Juiz de Fora, MG, 36010-021",871,AVENIDA PRESIDENTE ITAMAR FRANCO,CENTRO,Juiz de Fora,MG,36010-021,-21.764611,-43.347000,true
JF-C-0120,central,false,"RUA FERNANDO LOBO, 42, CENTRO, Juiz de Fora, MG, 36016-230",42,RUA FERNANDO LOBO,CENTRO,Juiz de Fora,MG,36016-230,-21.763666,-43.349535,true
JF-C-0121,central,false,"AVENIDA GETULIO VARGAS, 571, CENTRO, Juiz de Fora, MG, 36013-010",571,AVENIDA GETULIO VARGAS,CENTRO,Juiz de Fora,MG,36013-010,-21.759378,-43.347375,true
JF-C-0122,central,false,"RUA SAO SEBASTIAO, 729, CENTRO, Juiz de Fora, MG, 36015-410",729,RUA SAO SEBASTIAO,CENTRO,Juiz de Fora,MG,36015-410,-21.757557,-43.351398,true
JF-C-0123,central,false,"RUA OSCAR VIDAL, 100, CENTRO, Juiz de Fora, MG, 36010-060",100,RUA OSCAR VIDAL,CENTRO,Juiz de Fora,MG,36010-060,-21.764846,-43.347774,true
JF-C-0124,central,false,"RUA TIRADENTES, 746, CENTRO, Juiz de Fora, MG, 36015-455",746,RUA TIRADENTES,CENTRO,Juiz de Fora,MG,36015-455,-21.761769,-43.353568,true
JF-C-0125,central,false,"RUA MARECHAL DEODORO, 541, CENTRO, Juiz de Fora, MG, 36013-001",541,RUA MARECHAL DEODORO,CENTRO,Juiz de Fora,MG,36013-001,-21.760355,-43.349323,true
JF-C-0126,central,false,"RUA MARECHAL DEODORO, 259, CENTRO, Juiz de Fora, MG, 36013-000",259,RUA MARECHAL DEODORO,CENTRO,Juiz de Fora,MG,36013-000,-21.759750,-43.346548,true
JF-C-0127,central,false,"RUA HIPOLITO CARON, 73, CENTRO, Juiz de Fora, MG, 36013-130",73,RUA HIPOLITO CARON,CENTRO,Juiz de Fora,MG,36013-130,-21.757476,-43.347052,true
JF-C-0128,central,false,"RUA HENRIQUE SURERUS, 44, CENTRO, Juiz de Fora, MG, 36010-030",44,RUA HENRIQUE SURERUS,CENTRO,Juiz de Fora,MG,36010-030,-21.764351,-43.346999,true
JF-C-0129,central,false,"AVENIDA BARAO DO RIO BRANCO, 2231, CENTRO, Juiz de Fora, MG, 36010-010",2231,AVENIDA BARAO DO RIO BRANCO,CENTRO,Juiz de Fora,MG,36010-010,-21.761541,-43.349529,true
JF-C-0130,central,false,"RUA BARAO DE SAO JOAO NEPOMUCENO, 237, CENTRO, Juiz de Fora, MG, 36010-081",237,RUA BARAO DE SAO JOAO NEPOMUCENO,CENTRO,Juiz de Fora,MG,36010-081,-21.761899,-43.347327,true
JF-C-0131,central,false,"RUA SAMPAIO, 375, CENTRO, Juiz de Fora, MG, 36010-359",375,RUA SAMPAIO,CENTRO,Juiz de Fora,MG,36010-359,-21.766811,-43.346978,true
JF-C-0132,central,false,"RUA MISTER MOORE, 157, CENTRO, Juiz de Fora, MG, 36013-180",157,RUA MISTER MOORE,CENTRO,Juiz de Fora,MG,36013-180,-21.759508,-43.349538,true
JF-C-0133,central,false,"AVENIDA BARAO DO RIO BRANCO, 2595, CENTRO, Juiz de Fora, MG, 36010-011",2595,AVENIDA BARAO DO RIO BRANCO,CENTRO,Juiz de Fora,MG,36010-011,-21.764689,-43.348889,true
JF-C-0134,central,false,"AVENIDA PRESIDENTE GETULIO VARGAS, 494, CENTRO, Juiz de Fora, MG, 36010-110",494,AVENIDA PRESIDENTE GETULIO VARGAS,CENTRO,Juiz de Fora,MG,36010-110,-21.760156,-43.346719,true
JF-C-0135,central,false,"RUA SAMPAIO, 376, CENTRO, Juiz de Fora, MG, 36010-360",376,RUA SAMPAIO,CENTRO,Juiz de Fora,MG,36010-360,-21.766473,-43.345519,true
JF-C-0136,central,false,"TRAVESSA DOUTOR PRISCO, 11, CENTRO, Juiz de Fora, MG, 36010-330",11,TRAVESSA DOUTOR PRISCO,CENTRO,Juiz de Fora,MG,36010-330,-21.760282,-43.342752,true
JF-C-0137,central,false,"RUA MARECHAL DEODORO, 566, CENTRO, Juiz de Fora, MG, 36013-001",566,RUA MARECHAL DEODORO,CENTRO,Juiz de Fora,MG,36013-001,-21.760399,-43.349763,true
JF-C-0138,central,false,"RUA SANTO ANTONIO, 14, CENTRO, Juiz de Fora, MG, 36015-000",14,RUA SANTO ANTONIO,CENTRO,Juiz de Fora,MG,36015-000,-21.753581,-43.353107,true
JF-C-0139,central,false,"RUA MARECHAL DEODORO, 533, CENTRO, Juiz de Fora, MG, 36013-001",533,RUA MARECHAL DEODORO,CENTRO,Juiz de Fora,MG,36013-001,-21.760335,-43.348945,true
JF-C-0140,central,false,"RUA SANTO ANTONIO, 712, CENTRO, Juiz de Fora, MG, 36015-001",712,RUA SANTO ANTONIO,CENTRO,Juiz de Fora,MG,36015-001,-21.759757,-43.351348,true
JF-C-0141,central,false,"AVENIDA BARAO DO RIO BRANCO, 1871, CENTRO, Juiz de Fora, MG, 36013-020",1871,AVENIDA BARAO DO RIO BRANCO,CENTRO,Juiz de Fora,MG,36013-020,-21.758370,-43.350277,true
JF-C-0142,central,false,"RUA HALFELD, 608, CENTRO, Juiz de Fora, MG, 36010-003",608,RUA HALFELD,CENTRO,Juiz de Fora,MG,36010-003,-21.760897,-43.347383,true
JF-C-0143,central,false,"GALERIA HERMANN ERHARDT, 695, CENTRO, Juiz de Fora, MG, 36013-120",695,GALERIA HERMANN ERHARDT,CENTRO,Juiz de Fora,MG,36013-120,-21.758735,-43.348232,true
JF-C-0144,central,false,"RUA BATISTA DE OLIVEIRA, 655, CENTRO, Juiz de Fora, MG, 36010-532",655,RUA BATISTA DE OLIVEIRA,CENTRO,Juiz de Fora,MG,36010-532,-21.761722,-43.346775,true
JF-C-0145,central,false,"RUA MARECHAL DEODORO, 225, CENTRO, Juiz de Fora, MG, 36013-000",225,RUA MARECHAL DEODORO,CENTRO,Juiz de Fora,MG,36013-000,-21.759572,-43.346327,true
JF-C-0146,central,false,"RUA HALFELD, 513, CENTRO, Juiz de Fora, MG, 36010-001",513,RUA HALFELD,CENTRO,Juiz de Fora,MG,36010-001,-21.760426,-43.346443,true
JF-C-0147,central,false,"RUA MARECHAL FLORIANO PEIXOTO, 585, CENTRO, Juiz de Fora, MG, 36015-440",585,RUA MARECHAL FLORIANO PEIXOTO,CENTRO,Juiz de Fora,MG,36015-440,-21.759119,-43.351285,true
JF-C-0148,central,false,"AVENIDA GETULIO VARGAS, 828, CENTRO, Juiz de Fora, MG, 36013-011",828,AVENIDA GETULIO VARGAS,CENTRO,Juiz de Fora,MG,36013-011,-21.757927,-43.349238,true
JF-C-0149,central,false,"RUA ESPIRITO SANTO, 1064, CENTRO, Juiz de Fora, MG, 36010-041",1064,RUA ESPIRITO SANTO,CENTRO,Juiz de Fora,MG,36010-041,-21.764071,-43.348464,true
JF-C-0150,central,false,"RUA MARECHAL FLORIANO PEIXOTO, 589, CENTRO, Juiz de Fora, MG, 36015-440",589,RUA MARECHAL FLORIANO PEIXOTO,CENTRO,Juiz de Fora,MG,36015-440,-21.758732,-43.351428,true
JF-C-0151,central,false,"AVENIDA BARAO DO RIO BRANCO, 2001, CENTRO, Juiz de Fora, MG, 36013-020",2001,AVENIDA BARAO DO RIO BRANCO,CENTRO,Juiz de Fora,MG,36013-020,-21.759406,-43.350413,true
JF-C-0152,central,false,"RUA REI ALBERTO, 108, CENTRO, Juiz de Fora, MG, 36016-300",108,RUA REI ALBERTO,CENTRO,Juiz de Fora,MG,36016-300,-21.765930,-43.349491,true
JF-C-0153,central,false,"RUA ESPIRITO SANTO, 939, CENTRO, Juiz de Fora, MG, 36010-041",939,RUA ESPIRITO SANTO,CENTRO,Juiz de Fora,MG,36010-041,-21.763613,-43.347228,true
JF-C-0154,central,false,"RUA OSWALDO CRUZ, 235, CENTRO, Juiz de Fora, MG, 36015-430",235,RUA OSWALDO CRUZ,CENTRO,Juiz de Fora,MG,36015-430,-21.759521,-43.354104,true
JF-C-0155,central,false,"RUA BRAZ BERNARDINO, 105, CENTRO, Juiz de Fora, MG, 36010-320",105,RUA BRAZ BERNARDINO,CENTRO,Juiz de Fora,MG,36010-320,-21.762866,-43.347364,true
JF-C-0156,central,false,"RUA MARECHAL DEODORO, 360, CENTRO, Juiz de Fora, MG, 36013-001",360,RUA MARECHAL DEODORO,CENTRO,Juiz de Fora,MG,36013-001,-21.760078,-43.347597,true
JF-C-0157,central,false,"RUA OSWALDO CRUZ, 167, CENTRO, Juiz de Fora, MG, 36015-430",167,RUA OSWALDO CRUZ,CENTRO,Juiz de Fora,MG,36015-430,-21.759142,-43.353403,true
JF-C-0158,central,false,"RUA SANTA RITA, 325, CENTRO, Juiz de Fora, MG, 36010-071",325,RUA SANTA RITA,CENTRO,Juiz de Fora,MG,36010-071,-21.762105,-43.346558,true
JF-C-0159,central,false,"RUA MARECHAL FLORIANO PEIXOTO, 550, CENTRO, Juiz de Fora, MG, 36015-440",550,RUA MARECHAL FLORIANO PEIXOTO,CENTRO,Juiz de Fora,MG,36015-440,-21.759268,-43.351102,true
JF-C-0160,central,false,"AVENIDA FRANCISCO BERNARDINO, 165, CENTRO, Juiz de Fora, MG, 36013-100",165,AVENIDA FRANCISCO BERNARDINO,CENTRO,Juiz de Fora,MG,36013-100,-21.757974,-43.345639,true
JF-C-0161,central,false,"RUA ESPIRITO SANTO, 393, CENTRO, Juiz de Fora, MG, 36010-040",393,RUA ESPIRITO SANTO,CENTRO,Juiz de Fora,MG,36010-040,-21.762539,-43.342000,true
JF-C-0162,central,false,"AVENIDA PRESIDENTE GETULIO VARGAS, 781, CENTRO, Juiz de Fora, MG, 36013-010",781,AVENIDA PRESIDENTE GETULIO VARGAS,CENTRO,Juiz de Fora,MG,36013-010,-21.758300,-43.348674,true
JF-C-0163,central,false,"RUA MARECHAL FLORIANO PEIXOTO, 672, CENTRO, Juiz de Fora, MG, 36015-440",672,RUA MARECHAL FLORIANO PEIXOTO,CENTRO,Juiz de Fora,MG,36015-440,-21.759378,-43.352153,true
JF-C-0164,central,false,"RUA SAMPAIO, 389, CENTRO, Juiz de Fora, MG, 36010-359",389,RUA SAMPAIO,CENTRO,Juiz de Fora,MG,36010-359,-21.766741,-43.347073,true
JF-C-0165,central,false,"RUA HALFELD, 805, CENTRO, Juiz de Fora, MG, 36010-003",805,RUA HALFELD,CENTRO,Juiz de Fora,MG,36010-003,-21.761232,-43.349204,true
JF-C-0166,central,false,"RUA HALFELD, 744, CENTRO, Juiz de Fora, MG, 36010-003",744,RUA HALFELD,CENTRO,Juiz de Fora,MG,36010-003,-21.761101,-43.348611,true
JF-C-0167,central,false,"AVENIDA BARAO DO RIO BRANCO, 2053, CENTRO, Juiz de Fora, MG, 36010-010",2053,AVENIDA BARAO DO RIO BRANCO,CENTRO,Juiz de Fora,MG,36010-010,-21.760201,-43.349952,true
JF-C-0168,central,false,"RUA SANTO ANTONIO, 194, CENTRO, Juiz de Fora, MG, 36015-000",194,RUA SANTO ANTONIO,CENTRO,Juiz de Fora,MG,36015-000,-21.755219,-43.352754,true
JF-C-0169,central,false,"RUA OSCAR VIDAL, 320, CENTRO, Juiz de Fora, MG, 36016-290",320,RUA OSCAR VIDAL,CENTRO,Juiz de Fora,MG,36016-290,-21.765355,-43.349838,true
JF-C-0170,central,false,"AVENIDA PRESIDENTE GETULIO VARGAS, 835, CENTRO, Juiz de Fora, MG, 36013-010",835,AVENIDA PRESIDENTE GETULIO VARGAS,CENTRO,Juiz de Fora,MG,36013-010,-21.757923,-43.349120,true
JF-C-0171,central,false,"RUA SAO SEBASTIAO, 733, CENTRO, Juiz de Fora, MG, 36015-410",733,RUA SAO SEBASTIAO,CENTRO,Juiz de Fora,MG,36015-410,-21.757590,-43.351312,true
JF-C-0172,central,false,"RUA DOUTOR CONSTANTINO PALETA, 134, CENTRO, Juiz de Fora, MG, 36015-450",134,RUA DOUTOR CONSTANTINO PALETA,CENTRO,Juiz de Fora,MG,36015-450,-21.760417,-43.352830,true
JF-C-0173,central,false,"RUA MARECHAL DEODORO, 406, CENTRO, Juiz de Fora, MG, 36013-001",406,RUA MARECHAL DEODORO,CENTRO,Juiz de Fora,MG,36013-001,-21.760132,-43.348024,true
JF-C-0174,central,false,"RUA MARECHAL DEODORO, 455, CENTRO, Juiz de Fora, MG, 36013-001",455,RUA MARECHAL DEODORO,CENTRO,Juiz de Fora,MG,36013-001,-21.760135,-43.348512,true
JF-C-0175,central,false,"AVENIDA BARAO DO RIO BRANCO, 2555, CENTRO, Juiz de Fora, MG, 36010-011",2555,AVENIDA BARAO DO RIO BRANCO,CENTRO,Juiz de Fora,MG,36010-011,-21.764252,-43.348820,true
JF-C-0176,central,false,"RUA HALFELD, 680, CENTRO, Juiz de Fora, MG, 36010-003",680,RUA HALFELD,CENTRO,Juiz de Fora,MG,36010-003,-21.760921,-43.347937,true
JF-C-0177,central,false,"AVENIDA BARAO DO RIO BRANCO, 1650, CENTRO, Juiz de Fora, MG, 36015-510",1650,AVENIDA BARAO DO RIO BRANCO,CENTRO,Juiz de Fora,MG,36015-510,-21.756457,-43.351052,true
JF-C-0178,central,false,"RUA BARBOSA LIMA, 152, CENTRO, Juiz de Fora, MG, 36010-050",152,RUA BARBOSA LIMA,CENTRO,Juiz de Fora,MG,36010-050,-21.762321,-43.344563,true
JF-C-0179,central,false,"RUA BATISTA DE OLIVEIRA, 907, CENTRO, Juiz de Fora, MG, 36010-532",907,RUA BATISTA DE OLIVEIRA,CENTRO,Juiz de Fora,MG,36010-532,-21.763985,-43.346009,true
JF-C-0180,central,false,"RUA BRAZ BERNARDINO, 199, CENTRO, Juiz de Fora, MG, 36010-320",199,RUA BRAZ BERNARDINO,CENTRO,Juiz de Fora,MG,36010-320,-21.763163,-43.348261,true
JF-C-0181,central,false,"RUA MARECHAL DEODORO, 360, CENTRO, Juiz de Fora, MG, 36013-001",360,RUA MARECHAL DEODORO,CENTRO,Juiz de Fora,MG,36013-001,-21.759976,-43.347610,true
JF-C-0182,central,false,"AVENIDA BARAO DO RIO BRANCO, 2281, CENTRO, Juiz de Fora, MG, 36010-010",2281,AVENIDA BARAO DO RIO BRANCO,CENTRO,Juiz de Fora,MG,36010-010,-21.761957,-43.349406,true
JF-C-0183,central,false,"RUA BATISTA DE OLIVEIRA, 659, CENTRO, Juiz de Fora, MG, 36010-532",659,RUA BATISTA DE OLIVEIRA,CENTRO,Juiz de Fora,MG,36010-532,-21.761707,-43.346781,true
JF-C-0184,central,false,"RUA ESPIRITO SANTO, 1115, CENTRO, Juiz de Fora, MG, 36016-200",1115,RUA ESPIRITO SANTO,CENTRO,Juiz de Fora,MG,36016-200,-21.764441,-43.349393,true
JF-C-0185,central,false,"RUA HALFELD, 735, CENTRO, Juiz de Fora, MG, 36010-003",735,RUA HALFELD,CENTRO,Juiz de Fora,MG,36010-003,-21.761095,-43.348512,true
JF-C-0186,central,false,"AVENIDA BARAO DO RIO BRANCO, 2817, CENTRO, Juiz de Fora, MG, 36010-012",2817,AVENIDA BARAO DO RIO BRANCO,CENTRO,Juiz de Fora,MG,36010-012,-21.766542,-43.348115,true
JF-C-0187,central,false,"RUA SANTA RITA, 587, CENTRO, Juiz de Fora, MG, 36010-071",587,RUA SANTA RITA,CENTRO,Juiz de Fora,MG,36010-071,-21.762813,-43.349147,true
JF-C-0188,central,false,"RUA HALFELD, 525, CENTRO, Juiz de Fora, MG, 36010-001",525,RUA HALFELD,CENTRO,Juiz de Fora,MG,36010-001,-21.760553,-43.346459,true
JF-C-0189,central,false,"AVENIDA PRESIDENTE ITAMAR FRANCO, 1545, CENTRO, Juiz de Fora, MG, 36016-320",1545,AVENIDA PRESIDENTE ITAMAR FRANCO,CENTRO,Juiz de Fora,MG,36016-320,-21.767486,-43.349726,true
JF-C-0190,central,false,"AVENIDA BARAO DO RIO BRANCO, 2403, CENTRO, Juiz de Fora, MG, 36010-011",2403,AVENIDA BARAO DO RIO BRANCO,CENTRO,Juiz de Fora,MG,36010-011,-21.763105,-43.349136,true
JF-C-0191,central,false,"AVENIDA PRESIDENTE GETULIO VARGAS, 550, CENTRO, Juiz de Fora, MG, 36013-010",550,AVENIDA PRESIDENTE GETULIO VARGAS,CENTRO,Juiz de Fora,MG,36013-010,-21.759647,-43.347203,true
JF-C-0192,central,false,"RUA SANTO ANTONIO, 465, CENTRO, Juiz de Fora, MG, 36015-000",465,RUA SANTO ANTONIO,CENTRO,Juiz de Fora,MG,36015-000,-21.757444,-43.352201,true
JF-C-0193,central,false,"RUA MARECHAL DEODORO, 960, CENTRO, Juiz de Fora, MG, 36015-460",960,RUA MARECHAL DEODORO,CENTRO,Juiz de Fora,MG,36015-460,-21.761397,-43.353345,true
JF-C-0194,central,false,"RUA MARECHAL FLORIANO PEIXOTO, 219, CENTRO, Juiz de Fora, MG, 36013-080",219,RUA MARECHAL FLORIANO PEIXOTO,CENTRO,Juiz de Fora,MG,36013-080,-21.758360,-43.347861,true
JF-C-0195,central,false,"RUA OSCAR VIDAL, 58, CENTRO, Juiz de Fora, MG, 36010-060",58,RUA OSCAR VIDAL,CENTRO,Juiz de Fora,MG,36010-060,-21.764679,-43.347574,true
JF-C-0196,central,false,"RUA BATISTA DE OLIVEIRA, 470, CENTRO, Juiz de Fora, MG, 36010-120",470,RUA BATISTA DE OLIVEIRA,CENTRO,Juiz de Fora,MG,36010-120,-21.760131,-43.347079,true
JF-C-0197,central,false,"RUA ESPIRITO SANTO, 936, CENTRO, Juiz de Fora, MG, 36010-041",936,RUA ESPIRITO SANTO,CENTRO,Juiz de Fora,MG,36010-041,-21.763810,-43.347260,true
JF-C-0198,central,false,"RUA BATISTA DE OLIVEIRA, 623, CENTRO, Juiz de Fora, MG, 36013-300",623,RUA BATISTA DE OLIVEIRA,CENTRO,Juiz de Fora,MG,36013-300,-21.761638,-43.346873,true
JF-C-0199,central,false,"RUA MISTER MOORE, 170, CENTRO, Juiz de Fora, MG, 36013-180",170,RUA MISTER MOORE,CENTRO,Juiz de Fora,MG,36013-180,-21.759539,-43.349645,true
JF-C-0200,central,false,"RUA BARAO DE SAO JOAO NEPOMUCENO, 199, CENTRO, Juiz de Fora, MG, 36010-081",199,RUA BARAO DE SAO JOAO NEPOMUCENO,CENTRO,Juiz de Fora,MG,36010-081,-21.761590,-43.347293,true
JF-D-0001,demais,true,"RUA MELO FRANCO, SANTA CECILIA, Juiz de Fora, MG, 36026-000",487,RUA MELO FRANCO,SANTA CECILIA,Juiz de Fora,MG,36026-000,-21.779553,-43.352788,true
JF-D-0002,demais,true,"AVENIDA PRESIDENTE COSTA E SILVA, 1889, SAO PEDRO, Juiz de Fora, MG",1889,AVENIDA PRESIDENTE COSTA E SILVA,SAO PEDRO,Juiz de Fora,MG,36037-000,-21.772533,-43.375531,true
JF-D-0003,demais,true,"RUA GUSTAVO FERNANDES BARBOSA, 155, Juiz de Fora, MG, 36047-180",155,RUA GUSTAVO FERNANDES BARBOSA,VALE DOS BANDEIRANTES,Juiz de Fora,MG,36047-180,-21.720600,-43.353254,true
JF-D-0004,demais,true,"R. RENATO DIAS, 39, BOM PASTOR, Juiz de Fora, MG",39,RUA RENATO DIAS,BOM PASTOR,Juiz de Fora,MG,36021-610,-21.777895,-43.344580,true
JF-D-0005,demais,true,"RUA PADRE ACACIO DUARTE, JARDIM ESPERANCA, Juiz de Fora, MG, 36072-000",2,RUA PADRE ACACIO DUARTE,JARDIM ESPERANCA,Juiz de Fora,MG,36072-000,-21.773000,-43.293316,true
JF-D-0006,demais,true,"RUA SEVERINO MEIRELES, 245, ALTO DOS PASSOS, Juiz de Fora, MG",245,RUA SEVERINO MEIRELES,ALTO DOS PASSOS,Juiz de Fora,MG,36025-040,-21.772343,-43.347949,true
JF-D-0007,demais,true,"RUA JOSE NUNES LEAL, 70, Juiz de Fora, MG, 36030-230",70,RUA JOSE NUNES LEAL,SANTA LUZIA,Juiz de Fora,MG,36030-230,-21.788908,-43.343064,true
JF-D-0008,demais,true,"R. OURO PRETO, 373, SANTA TEREZINHA, Juiz de Fora, MG",373,RUA OURO PRETO,SANTA TEREZINHA,Juiz de Fora,MG,36045-350,-21.741323,-43.360366,true
JF-D-0009,demais,true,"RUA AFONSO GOMES, IPIRANGA, Juiz de Fora, MG, 36031-470",151,RUA AFONSO GOMES,IPIRANGA,Juiz de Fora,MG,36031-470,-21.795248,-43.351217,true
JF-D-0010,demais,true,"RUA NOEMIA EGIDIA DOS SANTOS, 205, SAO BENEDITO, Juiz de Fora, MG",205,RUA NOEMIA EGIDIA DOS SANTOS,SAO BENEDITO,Juiz de Fora,MG,36061-250,-21.751740,-43.325621,true
JF-D-0011,demais,true,"RUA CORONEL VIDAL, 180, Juiz de Fora, MG, 36080-080",180,RUA CORONEL VIDAL,MARIANO PROCOPIO,Juiz de Fora,MG,36080-080,-21.746469,-43.364416,true
JF-D-0012,demais,true,"R. SAMPAIO, 300, GRANBERY, Juiz de Fora, MG",300,RUA SAMPAIO,GRANBERY,Juiz de Fora,MG,36010-360,-21.765991,-43.344312,true
JF-D-0013,demais,true,"RUA PROFESSOR INGNACIO WERNECK, DOM BOSCO, Juiz de Fora, MG, 36025-360",119,RUA PROFESSOR INGNACIO WERNECK,DOM BOSCO,Juiz de Fora,MG,36025-360,-21.775924,-43.359163,true
JF-D-0014,demais,true,"RUA CORONEL QUINTAO, 136, MONTE CASTELO, Juiz de Fora, MG",136,RUA CORONEL QUINTAO,MONTE CASTELO,Juiz de Fora,MG,36081-090,-21.744401,-43.384092,true
JF-D-0015,demais,true,"RUA DIVA GARCIA, 2171, Juiz de Fora, MG, 36060-300",2171,RUA DIVA GARCIA,LINHARES,Juiz de Fora,MG,36060-300,-21.732864,-43.326740,true
JF-D-0016,demais,true,"Av. RUBENS PINTO, 505, TEIXEIRAS, Juiz de Fora, MG",505,AVENIDA RUBENS PINTO,TEIXEIRAS,Juiz de Fora,MG,36034-050,-21.798332,-43.366017,true
JF-D-0017,demais,true,"RUA LUIZ FAVERO, LINHARES, Juiz de Fora, MG, 36060-380",383,RUA LUIZ FAVERO,LINHARES,Juiz de Fora,MG,36060-380,-21.734608,-43.334438,true
JF-D-0018,demais,true,"RUA PADRE ACACIO DUARTE, 2, JARDIM ESPERANCA, Juiz de Fora, MG",2,RUA PADRE ACACIO DUARTE,JARDIM ESPERANCA,Juiz de Fora,MG,36072-000,-21.773483,-43.293396,true
JF-D-0019,demais,true,"RUA LUIZ FELLET, 163, Juiz de Fora, MG, 36071-000",163,RUA LUIZ FELLET,SANTO ANTONIO,Juiz de Fora,MG,36071-000,-21.772585,-43.311927,true
JF-D-0020,demais,true,"Av. MARGINAL, 27, DISTRITO INDUSTRIAL, Juiz de Fora, MG",27,AVENIDA MARGINAL,DISTRITO INDUSTRIAL,Juiz de Fora,MG,36090-110,-21.677622,-43.436174,true
JF-D-0021,demais,true,"RUA EDGAR DE PAIVA AGUIAR, CERAMICA, Juiz de Fora, MG, 36080-280",145,RUA EDGAR DE PAIVA AGUIAR,CERAMICA,Juiz de Fora,MG,36080-280,-21.738161,-43.382220,true
JF-D-0022,demais,true,"ESTRADA VICINAL, 3272, NAUTICO, Juiz de Fora, MG",3272,ESTRADA VICINAL,NAUTICO,Juiz de Fora,MG,36099-899,-21.645683,-43.408599,true
JF-D-0023,demais,true,"RUA PADRE BONIFACIO GEMERT, 139, Juiz de Fora, MG, 36071-080",139,RUA PADRE BONIFACIO GEMERT,TIGUERA,Juiz de Fora,MG,36071-080,-21.771204,-43.322561,true
JF-D-0024,demais,true,"R. JOSE LOURENCO, 242, SAO PEDRO, Juiz de Fora, MG",242,RUA JOSE LOURENCO,SAO PEDRO,Juiz de Fora,MG,36036-230,-21.772347,-43.384501,true
JF-D-0025,demais,true,"RUA FURTADO DE MENEZES, VILA FURTADO DE MENEZES, Juiz de Fora, MG, 36020-410",16,RUA FURTADO DE MENEZES,VILA FURTADO DE MENEZES,Juiz de Fora,MG,36020-410,-21.772166,-43.332416,true
JF-D-0026,demais,true,"RUA GERALDO MIGUEL MIANA, 370, SANTA CECILIA, Juiz de Fora, MG",370,RUA GERALDO MIGUEL MIANA,SANTA CECILIA,Juiz de Fora,MG,36026-070,-21.782741,-43.355506,true
JF-D-0027,demais,true,"RUA ALMIRANTE BARROSO, 155, Juiz de Fora, MG, 36016-130",155,RUA ALMIRANTE BARROSO,JARDIM PAINEIRAS,Juiz de Fora,MG,36016-130,-21.768146,-43.355909,true
JF-D-0028,demais,true,"R. MANOEL RIBEIRO DE ALMEIDA, 202, SANTO ANTONIO, Juiz de Fora, MG",202,RUA MANOEL RIBEIRO DE ALMEIDA,SANTO ANTONIO,Juiz de Fora,MG,36071-420,-21.772896,-43.314226,true
JF-D-0029,demais,true,"RUA GABRIEL COIMBRA, IPIRANGA, Juiz de Fora, MG, 36031-460",240,RUA GABRIEL COIMBRA,IPIRANGA,Juiz de Fora,MG,36031-460,-21.795724,-43.350395,true
JF-D-0030,demais,true,"RUA EDGAR DE PAIVA AGUIAR, 155, CERAMICA, Juiz de Fora, MG",155,RUA EDGAR DE PAIVA AGUIAR,CERAMICA,Juiz de Fora,MG,36080-280,-21.738753,-43.382520,true
JF-D-0031,demais,false,"AVENIDA DOS ANDRADAS, 415, MORRO DA GLORIA, Juiz de Fora, MG, 36036-000",415,AVENIDA DOS ANDRADAS,MORRO DA GLORIA,Juiz de Fora,MG,36036-000,-21.752593,-43.352969,true
JF-D-0032,demais,false,"RUA DOUTOR LIVIO DE OLIVEIRA MOTTA, 217, CENTENARIO, Juiz de Fora, MG, 36045-290",217,RUA DOUTOR LIVIO DE OLIVEIRA MOTTA,CENTENARIO,Juiz de Fora,MG,36045-290,-21.740189,-43.360200,true
JF-D-0033,demais,false,"RUA MANOEL RIBEIRO DE ALMEIDA, 182, SANTO ANTONIO, Juiz de Fora, MG, 36071-420",182,RUA MANOEL RIBEIRO DE ALMEIDA,SANTO ANTONIO,Juiz de Fora,MG,36071-420,-21.772913,-43.314288,true
JF-D-0034,demais,false,"AVENIDA PRESIDENTE COSTA E SILVA, 1433, SAO PEDRO, Juiz de Fora, MG, 36037-000",1433,AVENIDA PRESIDENTE COSTA E SILVA,SAO PEDRO,Juiz de Fora,MG,36037-000,-21.772882,-43.371646,true
JF-D-0035,demais,false,"RUA SAO MATEUS, 784, SAO MATEUS, Juiz de Fora, MG, 36025-001",784,RUA SAO MATEUS,SAO MATEUS,Juiz de Fora,MG,36025-001,-21.774906,-43.353860,true
JF-D-0036,demais,false,"RUA CHACARA, 281, SANTA LUZIA, Juiz de Fora, MG, 36030-030",281,RUA CHACARA,SANTA LUZIA,Juiz de Fora,MG,36030-030,-21.785065,-43.345016,true
JF-D-0037,demais,false,"RUA MANOEL RIBEIRO DE ALMEIDA, 212, SANTO ANTONIO, Juiz de Fora, MG, 36071-420",212,RUA MANOEL RIBEIRO DE ALMEIDA,SANTO ANTONIO,Juiz de Fora,MG,36071-420,-21.772874,-43.314022,true
JF-D-0038,demais,false,"AVENIDA PRESIDENTE ITAMAR FRANCO, 3170, SAO MATEUS, Juiz de Fora, MG, 36010-020",3170,AVENIDA PRESIDENTE ITAMAR FRANCO,SAO MATEUS,Juiz de Fora,MG,36010-020,-21.780202,-43.360903,true
JF-D-0039,demais,false,"RUA IBITIGUAIA, 252, SANTA LUZIA, Juiz de Fora, MG, 36030-000",252,RUA IBITIGUAIA,SANTA LUZIA,Juiz de Fora,MG,36030-000,-21.784487,-43.345806,true
JF-D-0040,demais,false,"RUA DIVA GARCIA, 3840, LINHARES, Juiz de Fora, MG, 36060-300",3840,RUA DIVA GARCIA,LINHARES,Juiz de Fora,MG,36060-300,-21.713666,-43.321063,true
JF-D-0041,demais,false,"RUA ENGENHEIRO JOSE CARLOS DE MORAIS SARMENTO, 280, SANTA CATARINA, Juiz de Fora, MG, 36036-100",280,RUA ENGENHEIRO JOSE CARLOS DE MORAIS SARMENTO,SANTA CATARINA,Juiz de Fora,MG,36036-100,-21.750172,-43.358699,true
JF-D-0042,demais,false,"RUA OSORIO DE ALMEIDA, 976, POCO RICO, Juiz de Fora, MG, 36020-020",976,RUA OSORIO DE ALMEIDA,POCO RICO,Juiz de Fora,MG,36020-020,-21.769196,-43.337366,true
JF-D-0043,demais,false,"AVENIDA SETE DE SETEMBRO, 63, COSTA CARVALHO, Juiz de Fora, MG, 36070-000",63,AVENIDA SETE DE SETEMBRO,COSTA CARVALHO,Juiz de Fora,MG,36070-000,-21.762774,-43.333714,true
JF-D-0044,demais,false,"RUA BADY JORGE GEARA, 297, IPIRANGA, Juiz de Fora, MG, 36031-130",297,RUA BADY JORGE GEARA,IPIRANGA,Juiz de Fora,MG,36031-130,-21.795074,-43.350873,true
JF-D-0045,demais,false,"RUA BADY JORGE GEARA, 1063, IPIRANGA, Juiz de Fora, MG, 36031-130",1063,RUA BADY JORGE GEARA,IPIRANGA,Juiz de Fora,MG,36031-130,-21.800192,-43.355424,true
JF-D-0046,demais,false,"RUA ADAILTON GARCIA, 101, COSTA CARVALHO, Juiz de Fora, MG, 36070-320",101,RUA ADAILTON GARCIA,COSTA CARVALHO,Juiz de Fora,MG,36070-320,-21.762507,-43.330404,true
JF-D-0047,demais,false,"RUA ANTONIO ARMANDO PEREIRA, 235, JOCKEY CLUBE, Juiz de Fora, MG, 36083-730",235,RUA ANTONIO ARMANDO PEREIRA,JOCKEY CLUBE,Juiz de Fora,MG,36083-730,-21.722753,-43.399001,true
JF-D-0048,demais,false,"RUA SAO JOSE, 63, VITORINO BRAGA, Juiz de Fora, MG, 36060-290",63,RUA SAO JOSE,VITORINO BRAGA,Juiz de Fora,MG,36060-290,-21.749211,-43.340012,true
JF-D-0049,demais,false,"RUA DOUTOR EUVALDO LODI, 131, BORBOLETA, Juiz de Fora, MG, 36035-590",131,RUA DOUTOR EUVALDO LODI,BORBOLETA,Juiz de Fora,MG,36035-590,-21.758185,-43.378180,true
JF-D-0050,demais,false,"AVENIDA GOVERNADOR VALADARES, 839, MANOEL HONORIO, Juiz de Fora, MG, 36051-550",839,AVENIDA GOVERNADOR VALADARES,MANOEL HONORIO,Juiz de Fora,MG,36051-550,-21.743043,-43.349125,true
JF-D-0051,demais,false,"AVENIDA SETE DE SETEMBRO, 64, COSTA CARVALHO, Juiz de Fora, MG, 36070-000",64,AVENIDA SETE DE SETEMBRO,COSTA CARVALHO,Juiz de Fora,MG,36070-000,-21.763467,-43.333274,true
JF-D-0052,demais,false,"RUA IZABEL DEFEO ZANINI, 986, VINA DEL MAR, Juiz de Fora, MG, 36037-690",986,RUA IZABEL DEFEO ZANINI,VINA DEL MAR,Juiz de Fora,MG,36037-690,-21.782173,-43.402353,true
JF-D-0053,demais,false,"RUA SAO MATEUS, 1150, SAO MATEUS, Juiz de Fora, MG, 36025-000",1150,RUA SAO MATEUS,SAO MATEUS,Juiz de Fora,MG,36025-000,-21.777397,-43.356563,true
JF-D-0054,demais,false,"RUA AMERICO LOBO, 1531, BAIRU, Juiz de Fora, MG, 36050-000",1531,RUA AMERICO LOBO,BAIRU,Juiz de Fora,MG,36050-000,-21.741014,-43.349373,true
JF-D-0055,demais,false,"RUA MORAES E CASTRO, 530, ALTO DOS PASSOS, Juiz de Fora, MG, 36025-160",530,RUA MORAES E CASTRO,ALTO DOS PASSOS,Juiz de Fora,MG,36025-160,-21.774591,-43.349759,true
JF-D-0056,demais,false,"RUA SABINO FRANCISCO DE BARROS, 571, VALE DOS BANDEIRANTES, Juiz de Fora, MG, 36047-070",571,RUA SABINO FRANCISCO DE BARROS,VALE DOS BANDEIRANTES,Juiz de Fora,MG,36047-070,-21.723158,-43.356056,true
JF-D-0057,demais,false,"RUA SAO MATEUS, 489, SAO MATEUS, Juiz de Fora, MG, 36025-000",489,RUA SAO MATEUS,SAO MATEUS,Juiz de Fora,MG,36025-000,-21.772981,-43.352122,true
JF-D-0058,demais,false,"RUA PROFESSOR ERNESTO EVANGELISTA, 92, COSTA CARVALHO, Juiz de Fora, MG, 36070-045",92,RUA PROFESSOR ERNESTO EVANGELISTA,COSTA CARVALHO,Juiz de Fora,MG,36070-045,-21.757673,-43.337117,true
JF-D-0059,demais,false,"RUA ALBERTO MENINI, 190, BORBOLETA, Juiz de Fora, MG, 36035-520",190,RUA ALBERTO MENINI,BORBOLETA,Juiz de Fora,MG,36035-520,-21.755258,-43.378793,true
JF-D-0060,demais,false,"AVENIDA DOUTOR FRANCISCO ALVARES DE ASSIS, 185, BR 267, Juiz de Fora, MG, 36073-130",185,AVENIDA DOUTOR FRANCISCO ALVARES DE ASSIS,BR 267,Juiz de Fora,MG,36073-130,-21.789015,-43.300195,true
JF-D-0061,demais,false,"AVENIDA RUI BARBOSA, 743, SANTA TEREZINHA, Juiz de Fora, MG, 36045-410",743,AVENIDA RUI BARBOSA,SANTA TEREZINHA,Juiz de Fora,MG,36045-410,-21.740443,-43.362993,true
JF-D-0062,demais,false,"RUA CAPITAO ANTONIO CARIAS, 36, IPIRANGA, Juiz de Fora, MG, 36031-520",36,RUA CAPITAO ANTONIO CARIAS,IPIRANGA,Juiz de Fora,MG,36031-520,-21.791817,-43.349439,true
JF-D-0063,demais,false,"RUA AMERICO LOBO, 1621, BAIRU, Juiz de Fora, MG, 36050-000",1621,RUA AMERICO LOBO,BAIRU,Juiz de Fora,MG,36050-000,-21.740517,-43.348548,true
JF-D-0064,demais,false,"RUA NELITO DOS SANTOS NAZARETH, 42, IPIRANGA, Juiz de Fora, MG, 36031-140",42,RUA NELITO DOS SANTOS NAZARETH,IPIRANGA,Juiz de Fora,MG,36031-140,-21.791906,-43.349628,true
JF-D-0065,demais,false,"RUA BERNARDO MASCARENHAS, 1045, FABRICA, Juiz de Fora, MG, 36080-001",1045,RUA BERNARDO MASCARENHAS,FABRICA,Juiz de Fora,MG,36080-001,-21.743370,-43.371920,true
JF-D-0066,demais,false,"RUA MANOEL RIBEIRO DE ALMEIDA, 212, SANTO ANTONIO, Juiz de Fora, MG, 36071-420",212,RUA MANOEL RIBEIRO DE ALMEIDA,SANTO ANTONIO,Juiz de Fora,MG,36071-420,-21.772866,-43.314028,true
JF-D-0067,demais,false,"RUA BADY JORGE GEARA, 1065, SANTA EFIGENIA, Juiz de Fora, MG, 36032-000",1065,RUA BADY JORGE GEARA,SANTA EFIGENIA,Juiz de Fora,MG,36032-000,-21.800162,-43.355430,true
JF-D-0068,demais,false,"RUA SAO MATEUS, 716, SAO MATEUS, Juiz de Fora, MG, 36025-000",716,RUA SAO MATEUS,SAO MATEUS,Juiz de Fora,MG,36025-000,-21.774650,-43.353244,true
JF-D-0069,demais,false,"RUA NAIR DE CASTRO CUNHA, 170, CASCATINHA, Juiz de Fora, MG, 36033-260",170,RUA NAIR DE CASTRO CUNHA,CASCATINHA,Juiz de Fora,MG,36033-260,-21.783420,-43.362045,true
JF-D-0070,demais,false,"AVENIDA SENHOR DOS PASSOS, 2102, SAO PEDRO, Juiz de Fora, MG, 36037-490",2102,AVENIDA SENHOR DOS PASSOS,SAO PEDRO,Juiz de Fora,MG,36037-490,-21.775067,-43.389472,true
JF-D-0071,demais,false,"RUA ELVIRA BELLEI, 160, SANTA LUZIA, Juiz de Fora, MG, 36030-560",160,RUA ELVIRA BELLEI,SANTA LUZIA,Juiz de Fora,MG,36030-560,-21.791150,-43.345931,true
JF-D-0072,demais,false,"RUA DOUTOR LEONEL JAGUARIBE, 240, ALTO GRAJAU, Juiz de Fora, MG, 36052-210",240,RUA DOUTOR LEONEL JAGUARIBE,ALTO GRAJAU,Juiz de Fora,MG,36052-210,-21.745384,-43.340940,true
JF-D-0073,demais,false,"RUA YOLANDA FALCI RONZANI, 3, RESIDENCIAL MIGUEL MARINHO, Juiz de Fora, MG, 36092-572",3,RUA YOLANDA FALCI RONZANI,RESIDENCIAL MIGUEL MARINHO,Juiz de Fora,MG,36092-572,-21.676739,-43.430513,true
JF-D-0074,demais,false,"RUA DOUTOR ALBERTO SUREK, 35, VILA FURTADO DE MENEZES, Juiz de Fora, MG, 36020-380",35,RUA DOUTOR ALBERTO SUREK,VILA FURTADO DE MENEZES,Juiz de Fora,MG,36020-380,-21.770285,-43.332063,true
JF-D-0075,demais,false,"RUA LAURO TELES MESQUITA, 145, SAO PEDRO, Juiz de Fora, MG, 36037-060",145,RUA LAURO TELES MESQUITA,SAO PEDRO,Juiz de Fora,MG,36037-060,-21.770746,-43.372865,true
JF-D-0076,demais,false,"RUA ADAILTON GARCIA, 101, COSTA CARVALHO, Juiz de Fora, MG, 36070-320",101,RUA ADAILTON GARCIA,COSTA CARVALHO,Juiz de Fora,MG,36070-320,-21.762544,-43.330504,true
JF-D-0077,demais,false,"RUA BERNARDO MASCARENHAS, 1035, FABRICA, Juiz de Fora, MG, 36080-001",1035,RUA BERNARDO MASCARENHAS,FABRICA,Juiz de Fora,MG,36080-001,-21.743209,-43.372132,true
JF-D-0078,demais,false,"RUA TIETE, 130, SAO MATEUS, Juiz de Fora, MG, 36025-320",130,RUA TIETE,SAO MATEUS,Juiz de Fora,MG,36025-320,-21.775371,-43.357994,true
JF-D-0079,demais,false,"RUA GERALDO MIGUEL MIANA, 390, SANTA CECILIA, Juiz de Fora, MG, 36026-070",390,RUA GERALDO MIGUEL MIANA,SANTA CECILIA,Juiz de Fora,MG,36026-070,-21.783099,-43.355451,true
JF-D-0080,demais,false,"RUA CHANCELER OSWALDO ARANHA, 348, SAO MATEUS, Juiz de Fora, MG, 36025-007",348,RUA CHANCELER OSWALDO ARANHA,SAO MATEUS,Juiz de Fora,MG,36025-007,-21.769298,-43.350822,true
JF-D-0081,demais,false,"RUA GERALDO JOSE DA SILVA, 301, SANTA EFIGENIA, Juiz de Fora, MG, 36032-200",301,RUA GERALDO JOSE DA SILVA,SANTA EFIGENIA,Juiz de Fora,MG,36032-200,-21.801640,-43.358596,true
JF-D-0082,demais,false,"RUA COSTA CARVALHO, 76, COSTA CARVALHO, Juiz de Fora, MG, 36070-070",76,RUA COSTA CARVALHO,COSTA CARVALHO,Juiz de Fora,MG,36070-070,-21.763901,-43.332988,true
JF-D-0083,demais,false,"RUA ALTIVO HALFELD, 44, VILA IDEAL, Juiz de Fora, MG, 36020-550",44,RUA ALTIVO HALFELD,VILA IDEAL,Juiz de Fora,MG,36020-550,-21.778861,-43.330916,true
JF-D-0084,demais,false,"RUA VINTE E UM DE ABRIL, 313, SAO MATEUS, Juiz de Fora, MG, 36025-090",313,RUA VINTE E UM DE ABRIL,SAO MATEUS,Juiz de Fora,MG,36025-090,-21.771414,-43.349246,true
JF-D-0085,demais,false,"RUA CEZARINO GOMES DE OLIVEIRA, 59, LINHARES, Juiz de Fora, MG, 36060-510",59,RUA CEZARINO GOMES DE OLIVEIRA,LINHARES,Juiz de Fora,MG,36060-510,-21.734267,-43.328242,true
JF-D-0086,demais,false,"RUA ADAILTON GARCIA, 101, COSTA CARVALHO, Juiz de Fora, MG, 36070-320",101,RUA ADAILTON GARCIA,COSTA CARVALHO,Juiz de Fora,MG,36070-320,-21.762582,-43.330373,true
JF-D-0087,demais,false,"AVENIDA BARAO DO RIO BRANCO, 3595, BOM PASTOR, Juiz de Fora, MG, 36021-630",3595,AVENIDA BARAO DO RIO BRANCO,BOM PASTOR,Juiz de Fora,MG,36021-630,-21.773569,-43.346399,true
JF-D-0088,demais,false,"RUA BELMIRO BRAGA, 56, ALTO DOS PASSOS, Juiz de Fora, MG, 36026-490",56,RUA BELMIRO BRAGA,ALTO DOS PASSOS,Juiz de Fora,MG,36026-490,-21.778113,-43.345699,true
JF-D-0089,demais,false,"RUA DOUTOR NEWTON DE ALMEIDA, 11, SANTA LUZIA, Juiz de Fora, MG, 36030-700",11,RUA DOUTOR NEWTON DE ALMEIDA,SANTA LUZIA,Juiz de Fora,MG,36030-700,-21.791261,-43.346180,true
JF-D-0090,demais,false,"PRACA DOUTOR JAIR GARCIA, 35, NOSSA SENHORA DE LOURDES, Juiz de Fora, MG, 36070-680",35,PRACA DOUTOR JAIR GARCIA,NOSSA SENHORA DE LOURDES,Juiz de Fora,MG,36070-680,-21.770193,-43.327479,true
JF-D-0091,demais,false,"RUA BARAO DE JUIZ DE FORA, 38, SANTOS ANJOS, Juiz de Fora, MG, 36062-410",38,RUA BARAO DE JUIZ DE FORA,SANTOS ANJOS,Juiz de Fora,MG,36062-410,-21.755521,-43.343463,true
JF-D-0092,demais,false,"RUA HENRIQUE PIMENTA BRAZIEL, 310, JARDIM ESPERANCA, Juiz de Fora, MG, 36072-290",310,RUA HENRIQUE PIMENTA BRAZIEL,JARDIM ESPERANCA,Juiz de Fora,MG,36072-290,-21.770067,-43.292150,true
JF-D-0093,demais,false,"RUA SEVERINO BELFORT, 35, MANOEL HONORIO, Juiz de Fora, MG, 36050-020",35,RUA SEVERINO BELFORT,MANOEL HONORIO,Juiz de Fora,MG,36050-020,-21.741509,-43.353057,true
JF-D-0094,demais,false,"RUA ANTONIO FRANCISCO LISBOA, 30, SAGRADO CORACAO DE JESUS, Juiz de Fora, MG, 36032-040",30,RUA ANTONIO FRANCISCO LISBOA,SAGRADO CORACAO DE JESUS,Juiz de Fora,MG,36032-040,-21.810352,-43.361330,true
JF-D-0095,demais,false,"RUA CUSTODIO FURTADO DE SOUZA, 130, TEIXEIRAS, Juiz de Fora, MG, 36033-480",130,RUA CUSTODIO FURTADO DE SOUZA,TEIXEIRAS,Juiz de Fora,MG,36033-480,-21.791917,-43.361519,true
JF-D-0096,demais,false,"RUA DOM LASAGNA, 60, MORRO DA GLORIA, Juiz de Fora, MG, 36035-160",60,RUA DOM LASAGNA,MORRO DA GLORIA,Juiz de Fora,MG,36035-160,-21.748493,-43.356372,true
JF-D-0097,demais,false,"RUA SENADOR HENRIQUE DE NOVAIS, 131, NOSSA SENHORA DE LOURDES, Juiz de Fora, MG, 36070-470",131,RUA SENADOR HENRIQUE DE NOVAIS,NOSSA SENHORA DE LOURDES,Juiz de Fora,MG,36070-470,-21.768215,-43.328107,true
JF-D-0098,demais,false,"RUA ARAGUARI, 100, DOM BOSCO, Juiz de Fora, MG, 36025-480",100,RUA ARAGUARI,DOM BOSCO,Juiz de Fora,MG,36025-480,-21.777900,-43.362310,true
JF-D-0099,demais,false,"RUA TORREOES, 86, SANTA LUZIA, Juiz de Fora, MG, 36030-040",86,RUA TORREOES,SANTA LUZIA,Juiz de Fora,MG,36030-040,-21.786563,-43.344837,true
JF-D-0100,demais,false,"RUA CORONEL ASSIS, 15, FLORESTA, Juiz de Fora, MG, 36072-010",15,RUA CORONEL ASSIS,FLORESTA,Juiz de Fora,MG,36072-010,-21.749307,-43.280011,true
JF-D-0101,demais,false,"ESTRADA VICINAL, 3850, NAUTICO, Juiz de Fora, MG, 36099-899",3850,ESTRADA VICINAL,NAUTICO,Juiz de Fora,MG,36099-899,-21.641771,-43.405561,true
JF-D-0102,demais,false,"RUA DOUTOR JOSE EUTROPIO, 32, SANTA TEREZINHA, Juiz de Fora, MG, 36045-480",32,RUA DOUTOR JOSE EUTROPIO,SANTA TEREZINHA,Juiz de Fora,MG,36045-480,-21.739040,-43.364895,true
JF-D-0103,demais,false,"RUA CUSTODIO TRISTAO, 1, SANTA TEREZINHA, Juiz de Fora, MG, 36045-440",1,RUA CUSTODIO TRISTAO,SANTA TEREZINHA,Juiz de Fora,MG,36045-440,-21.742169,-43.361894,true
JF-D-0104,demais,false,"RUA SANTA TEREZINHA, 34, SANTA TEREZINHA, Juiz de Fora, MG, 36045-490",34,RUA SANTA TEREZINHA,SANTA TEREZINHA,Juiz de Fora,MG,36045-490,-21.739850,-43.363399,true
JF-D-0105,demais,false,"RUA DANTE BELLEI, 183, SAO BENEDITO, Juiz de Fora, MG, 36061-440",183,RUA DANTE BELLEI,SAO BENEDITO,Juiz de Fora,MG,36061-440,-21.751258,-43.336203,true
JF-D-0106,demais,false,"RUA BARAO DE SANTA HELENA, 544, GRANBERY, Juiz de Fora, MG, 36010-520",544,RUA BARAO DE SANTA HELENA,GRANBERY,Juiz de Fora,MG,36010-520,-21.766299,-43.344162,true
JF-D-0107,demais,false,"RUA PRINCIPAL, 3, TOLEDOS, Juiz de Fora, MG, 36107-000",3,RUA PRINCIPAL,TOLEDOS,Juiz de Fora,MG,36107-000,-21.791918,-43.588522,true
JF-D-0108,demais,false,"RUA BARAO DO RETIRO, 1452, MARUMBI, Juiz de Fora, MG, 36051-470",1452,RUA BARAO DO RETIRO,MARUMBI,Juiz de Fora,MG,36051-470,-21.731042,-43.340383,true
JF-D-0109,demais,false,"RUA NELSON GOMES DE CARVALHO, 131, VALE DO IPE, Juiz de Fora, MG, 36035-410",131,RUA NELSON GOMES DE CARVALHO,VALE DO IPE,Juiz de Fora,MG,36035-410,-21.752783,-43.362999,true
JF-D-0110,demais,false,"RUA ALCIDES LOPES DOS REIS, 25, VALADARES, Juiz de Fora, MG, 36101-000",25,RUA ALCIDES LOPES DOS REIS,VALADARES,Juiz de Fora,MG,36101-000,-21.760628,-43.602792,true
JF-D-0111,demais,false,"RUA LEONEL JAGUARIBE, 237, ALTO GRAJAU, Juiz de Fora, MG, 36052-210",237,RUA LEONEL JAGUARIBE,ALTO GRAJAU,Juiz de Fora,MG,36052-210,-21.745163,-43.340842,true
JF-D-0112,demais,false,"AVENIDA SANTA LUZIA, 1021, SANTA LUZIA, Juiz de Fora, MG, 36030-450",1021,AVENIDA SANTA LUZIA,SANTA LUZIA,Juiz de Fora,MG,36030-450,-21.793978,-43.343110,true
JF-D-0113,demais,false,"RUA VITORINO BRAGA, 405, VITORINO BRAGA, Juiz de Fora, MG, 36060-000",405,RUA VITORINO BRAGA,VITORINO BRAGA,Juiz de Fora,MG,36060-000,-21.751068,-43.344335,true
JF-D-0114,demais,false,"RUA VISCONDE DE MAUA, 300, JARDIM SANTA HELENA, Juiz de Fora, MG, 36015-260",300,RUA VISCONDE DE MAUA,JARDIM SANTA HELENA,Juiz de Fora,MG,36015-260,-21.755733,-43.359469,true
JF-D-0115,demais,false,"AVENIDA DNAR ROCHA, 290, CAICARAS, Juiz de Fora, MG, 36010-000",290,AVENIDA DNAR ROCHA,CAICARAS,Juiz de Fora,MG,36010-000,-21.760023,-43.391821,true
JF-D-0116,demais,false,"RUA MAJOR OLIMPIO DUARTE, 30, SANTOS ANJOS, Juiz de Fora, MG, 36062-327",30,RUA MAJOR OLIMPIO DUARTE,SANTOS ANJOS,Juiz de Fora,MG,36062-327,-21.753788,-43.337930,true
JF-D-0117,demais,false,"RUA CUSTODIO FURTADO DE SOUZA, 120, TEIXEIRAS, Juiz de Fora, MG, 36033-480",120,RUA CUSTODIO FURTADO DE SOUZA,TEIXEIRAS,Juiz de Fora,MG,36033-480,-21.791878,-43.361442,true
JF-D-0118,demais,false,"RUA CARMELA DUTRA, 420, MEGGLIOLARIO, Juiz de Fora, MG, 36052-440",420,RUA CARMELA DUTRA,MEGGLIOLARIO,Juiz de Fora,MG,36052-440,-21.747252,-43.348570,true
JF-D-0119,demais,false,"RUA ODILON BRAGA, 119, LINHARES, Juiz de Fora, MG, 36060-540",119,RUA ODILON BRAGA,LINHARES,Juiz de Fora,MG,36060-540,-21.734882,-43.327813,true
JF-D-0120,demais,false,"RUA FRANCISCO HENRIQUES, 101, SANTA LUZIA, Juiz de Fora, MG, 36030-530",101,RUA FRANCISCO HENRIQUES,SANTA LUZIA,Juiz de Fora,MG,36030-530,-21.791958,-43.344898,true
JF-D-0121,demais,false,"ALAMEDA SANTO ANTONIO, 405, CRUZEIRO DE SANTO ANTONIO, Juiz de Fora, MG, 36037-680",405,ALAMEDA SANTO ANTONIO,CRUZEIRO DE SANTO ANTONIO,Juiz de Fora,MG,36037-680,-21.775201,-43.413307,true
JF-D-0122,demais,false,"RUA TOMAZ GONZAGA, 139, FRANCISCO BERNARDINO, Juiz de Fora, MG, 36081-690",139,RUA TOMAZ GONZAGA,FRANCISCO BERNARDINO,Juiz de Fora,MG,36081-690,-21.734500,-43.394660,true
JF-D-0123,demais,false,"RUA JESUS RAYMUNDO, 120, TEIXEIRAS, Juiz de Fora, MG, 36033-370",120,RUA JESUS RAYMUNDO,TEIXEIRAS,Juiz de Fora,MG,36033-370,-21.788640,-43.363054,true
JF-D-0124,demais,false,"RUA NOEMIA EGIDIA DOS SANTOS, 20, SAO BENEDITO, Juiz de Fora, MG, 36061-250",20,RUA NOEMIA EGIDIA DOS SANTOS,SAO BENEDITO,Juiz de Fora,MG,36061-250,-21.751351,-43.325713,true
JF-D-0125,demais,false,"RUA MANOEL RIBEIRO DE ALMEIDA, 202, SANTO ANTONIO, Juiz de Fora, MG, 36071-420",202,RUA MANOEL RIBEIRO DE ALMEIDA,SANTO ANTONIO,Juiz de Fora,MG,36071-420,-21.772951,-43.314199,true
JF-D-0126,demais,false,"RUA ANTONIO LOPES JUNIOR, 35, FRANCISCO BERNARDINO, Juiz de Fora, MG, 36081-710",35,RUA ANTONIO LOPES JUNIOR,FRANCISCO BERNARDINO,Juiz de Fora,MG,36081-710,-21.735229,-43.395416,true
JF-D-0127,demais,false,"AVENIDA SETE DE SETEMBRO, 73, COSTA CARVALHO, Juiz de Fora, MG, 36070-000",73,AVENIDA SETE DE SETEMBRO,COSTA CARVALHO,Juiz de Fora,MG,36070-000,-21.762613,-43.333715,true
JF-D-0128,demais,false,"RUA CARLOS ROCHA, 20, PROGRESSO, Juiz de Fora, MG, 36050-340",20,RUA CARLOS ROCHA,PROGRESSO,Juiz de Fora,MG,36050-340,-21.731925,-43.347835,true
JF-D-0129,demais,false,"RUA SADY MONTEIRO BOECHAT, 175, SAO PEDRO, Juiz de Fora, MG, 36037-250",175,RUA SADY MONTEIRO BOECHAT,SAO PEDRO,Juiz de Fora,MG,36037-250,-21.773897,-43.377480,true
JF-D-0130,demais,false,"RUA RAFAEL ZACARIAS, 130, FABRICA, Juiz de Fora, MG, 36035-290",130,RUA RAFAEL ZACARIAS,FABRICA,Juiz de Fora,MG,36035-290,-21.748081,-43.364859,true
JF-D-0131,demais,false,"RUA OSVALDO CRUZ, 317, NOSSA SENHORA DA PENHA, Matias Barbosa, MG, 36120-000",317,RUA OSVALDO CRUZ,NOSSA SENHORA DA PENHA,Matias Barbosa,MG,36120-000,-21.872969,-43.329526,false
JF-D-0132,demais,false,"RUA JOAQUIM MURTINHO, 60, CENTRO, Matias Barbosa, MG, 36120-000",60,RUA JOAQUIM MURTINHO,CENTRO,Matias Barbosa,MG,36120-000,-21.872823,-43.320457,false
JF-D-0133,demais,false,"RUA JOAQUIM MURTINHO, 171, CENTRO, Matias Barbosa, MG, 36120-000",171,RUA JOAQUIM MURTINHO,CENTRO,Matias Barbosa,MG,36120-000,-21.873182,-43.319410,false
JF-D-0134,demais,false,"RUA MOACIR ALVES DE SOUZA, 1707, VILA SAO DAMIAO, Matias Barbosa, MG, 36120-000",1707,RUA MOACIR ALVES DE SOUZA,VILA SAO DAMIAO,Matias Barbosa,MG,36120-000,-21.889218,-43.314583,false
JF-D-0135,demais,false,"AVENIDA CARDOSO SARAIVA, 569, CENTRO, Matias Barbosa, MG, 36120-000",569,AVENIDA CARDOSO SARAIVA,CENTRO,Matias Barbosa,MG,36120-000,-21.870797,-43.319960,false
JF-D-0136,demais,false,"RUA OSCAR VIDAL, 325, CENTRO, Matias Barbosa, MG, 36120-000",325,RUA OSCAR VIDAL,CENTRO,Matias Barbosa,MG,36120-000,-21.868682,-43.315371,false
JF-D-0137,demais,false,"AVENIDA CARDOSO SARAIVA, CENTRO, Matias Barbosa, MG, 36120-000",,AVENIDA CARDOSO SARAIVA,CENTRO,Matias Barbosa,MG,36120-000,-21.866471,-43.317075,false
JF-D-0138,demais,false,"RUA ANTONIO JOSE DO COUTO, MONTE ALEGRE, Matias Barbosa, MG, 36120-000",,RUA ANTONIO JOSE DO COUTO,MONTE ALEGRE,Matias Barbosa,MG,36120-000,-21.878205,-43.311608,false
JF-D-0139,demais,false,"ESTRADA UNIAO INDUSTRIA, CEDOFEITA, Matias Barbosa, MG, 36120-000",,ESTRADA UNIAO INDUSTRIA,CEDOFEITA,Matias Barbosa,MG,36120-000,-21.839623,-43.316497,false
JF-D-0140,demais,false,"RUA FERNANDO PACHECO DO COUTO, 70, MIRIM, Matias Barbosa, MG, 36120-000",70,RUA FERNANDO PACHECO DO COUTO,MIRIM,Matias Barbosa,MG,36120-000,-21.877054,-43.317434,false
JF-D-0141,demais,false,"RUA OSCAR VIDAL, CENTRO, Coronel Pacheco, MG, 36155-000",,RUA OSCAR VIDAL,CENTRO,Coronel Pacheco,MG,36155-000,-21.587911,-43.263268,false
JF-D-0142,demais,false,"COMUNIDADE DE JOAO FERREIRA, JOAO FERREIRA, Coronel Pacheco, MG, 36155-000",,COMUNIDADE DE JOAO FERREIRA,JOAO FERREIRA,Coronel Pacheco,MG,36155-000,-21.624868,-43.331000,false
JF-D-0143,demais,false,"RUA MELQUIADES MARQUES, NOSSA SENHORA APARECIDA, Coronel Pacheco, MG, 36155-000",,RUA MELQUIADES MARQUES,NOSSA SENHORA APARECIDA,Coronel Pacheco,MG,36155-000,-21.595517,-43.279029,false
JF-D-0144,demais,false,"RUA OSCAR VIDAL, CENTRO, Coronel Pacheco, MG, 36155-000",,RUA OSCAR VIDAL,CENTRO,Coronel Pacheco,MG,36155-000,-21.588182,-43.262876,false
JF-D-0145,demais,false,"RUA DOUTOR JOAO PINHEIRO, 90, CENTRO, Coronel Pacheco, MG, 36155-000",90,RUA DOUTOR JOAO PINHEIRO,CENTRO,Coronel Pacheco,MG,36155-000,-21.587107,-43.263735,false
JF-D-0146,demais,false,"COMUNIDADE DE JOAO FERREIRA, JOAO FERREIRA, Coronel Pacheco, MG, 36155-000",,COMUNIDADE DE JOAO FERREIRA,JOAO FERREIRA,Coronel Pacheco,MG,36155-000,-21.625027,-43.331252,false
JF-D-0147,demais,false,"RUA ASPIRANTE JOSE DE OLIVEIRA, CENTRO, Coronel Pacheco, MG, 36155-000",,RUA ASPIRANTE JOSE DE OLIVEIRA,CENTRO,Coronel Pacheco,MG,36155-000,-21.587735,-43.264367,false
JF-D-0148,demais,false,"RUA SAO VICENTE DE PAULA, 250, CENTRO, Coronel Pacheco, MG, 36155-000",250,RUA SAO VICENTE DE PAULA,CENTRO,Coronel Pacheco,MG,36155-000,-21.588024,-43.262374,false
JF-D-0149,demais,false,"PRACA CARLOS CHAGAS, 55, CENTRO, Coronel Pacheco, MG, 36155-000",55,PRACA CARLOS CHAGAS,CENTRO,Coronel Pacheco,MG,36155-000,-21.587982,-43.265256,false
JF-D-0150,demais,false,"PRACA CARLOS CHAGAS, 54, CENTRO, Coronel Pacheco, MG, 36155-000",54,PRACA CARLOS CHAGAS,CENTRO,Coronel Pacheco,MG,36155-000,-21.588104,-43.265681,false
JF-P-0001,periferia,true,"RUA JOAO EVANGELISTA DOS SANTOS, NOVA ERA, Juiz de Fora, MG, 36087-170",21,RUA JOAO EVANGELISTA DOS SANTOS,NOVA ERA,Juiz de Fora,MG,36087-170,-21.705252,-43.420447,true
JF-P-0002,periferia,true,"RUA ALEXANDRE HENRIQUES SILVA, 18, BARBOSA LAGE, Juiz de Fora, MG",18,RUA ALEXANDRE HENRIQUES SILVA,BARBOSA LAGE,Juiz de Fora,MG,36085-769,-21.709895,-43.406985,true
JF-P-0003,periferia,true,"RUA SEBASTIAO GARCIA, 900, Juiz de Fora, MG, 36090-645",900,RUA SEBASTIAO GARCIA,BENFICA,Juiz de Fora,MG,36090-645,-21.685670,-43.435952,true
JF-P-0004,periferia,true,"R. AMAZONAS, 425, GRAMA, Juiz de Fora, MG",425,RUA AMAZONAS,GRAMA,Juiz de Fora,MG,36048-170,-21.691999,-43.348104,true
JF-P-0005,periferia,true,"RUA ALIPIO DE OLIVEIRA, NOVA ERA, Juiz de Fora, MG, 36087-210",51,RUA ALIPIO DE OLIVEIRA,NOVA ERA,Juiz de Fora,MG,36087-210,-21.704238,-43.421992,true
JF-P-0006,periferia,true,"RUA JOAQUIM MURTINHO, 30, DIAS TAVARES, Juiz de Fora, MG",30,RUA JOAQUIM MURTINHO,DIAS TAVARES,Juiz de Fora,MG,36092-900,-21.648259,-43.455558,true
JF-P-0007,periferia,true,"RUA PARAISO DE ALCANTARA, 62, Juiz de Fora, MG, 36085-460",62,RUA PARAISO DE ALCANTARA,BARBOSA LAGE,Juiz de Fora,MG,36085-460,-21.713942,-43.406932,true
JF-P-0008,periferia,true,"Av. ANTONIO GUIMARAES PERALVA, 400, BARBOSA LAGE, Juiz de Fora, MG",400,AVENIDA ANTONIO GUIMARAES PERALVA,BARBOSA LAGE,Juiz de Fora,MG,36085-170,-21.715664,-43.403909,true
JF-P-0009,periferia,true,"RUA EVARISTO DA VEIGA, BENFICA, Juiz de Fora, MG, 36090-430",730,RUA EVARISTO DA VEIGA,BENFICA,Juiz de Fora,MG,36090-430,-21.686097,-43.438934,true
JF-P-0010,periferia,true,"RUA DOUTOR DIAS DA CRUZ, 400, NOVA ERA, Juiz de Fora, MG",400,RUA DOUTOR DIAS DA CRUZ,NOVA ERA,Juiz de Fora,MG,36087-030,-21.703878,-43.422089,true
JF-P-0011,periferia,true,"RUA CLEIR REIS DUQUE, 200, Juiz de Fora, MG, 36091-244",200,RUA CLEIR REIS DUQUE,IGREJINHA,Juiz de Fora,MG,36091-244,-21.707093,-43.485200,true
JF-P-0012,periferia,true,"R. PAULO GARCIA, 627, BENFICA, Juiz de Fora, MG",627,RUA PAULO GARCIA,BENFICA,Juiz de Fora,MG,36090-340,-21.685284,-43.437065,true
JF-P-0013,periferia,true,"RUA CAROLINA FURTADO DUTRA, NOVA ERA, Juiz de Fora, MG, 36087-240",10,RUA CAROLINA FURTADO DUTRA,NOVA ERA,Juiz de Fora,MG,36087-240,-21.703470,-43.420207,true
JF-P-0014,periferia,true,"RUA CIDADE DO SOL, 415, BARBOSA LAGE, Juiz de Fora, MG",415,RUA CIDADE DO SOL,BARBOSA LAGE,Juiz de Fora,MG,36085-450,-21.718038,-43.410175,true
JF-P-0015,periferia,true,"RUA JOANA D ARC, 25, Juiz de Fora, MG, 36088-390",25,RUA JOANA D ARC,SANTA CRUZ,Juiz de Fora,MG,36088-390,-21.713714,-43.440981,true
JF-P-0016,periferia,true,"R. AMAZONAS, 1240, GRAMA, Juiz de Fora, MG",1240,RUA AMAZONAS,GRAMA,Juiz de Fora,MG,36048-170,-21.692480,-43.345413,true
JF-P-0017,periferia,true,"RUA MARTINS BARBOSA, BENFICA, Juiz de Fora, MG, 36090-300",466,RUA MARTINS BARBOSA,BENFICA,Juiz de Fora,MG,36090-300,-21.689645,-43.437952,true
JF-P-0018,periferia,true,"RUA LOURENCO JOSE BRION, 66, SANTA CRUZ, Juiz de Fora, MG",66,RUA LOURENCO JOSE BRION,SANTA CRUZ,Juiz de Fora,MG,36088-320,-21.712152,-43.437947,true
JF-P-0019,periferia,true,"RUA DIOGO ALVARES, 784, Juiz de Fora, MG, 36090-320",784,RUA DIOGO ALVARES,BENFICA,Juiz de Fora,MG,36090-320,-21.686460,-43.434906,true
JF-P-0020,periferia,true,"TRAVESSA JOSE MARIA REIS, 505, SANTA CRUZ, Juiz de Fora, MG",505,TRAVESSA JOSE MARIA REIS,SANTA CRUZ,Juiz de Fora,MG,36088-270,-21.709839,-43.440837,true
JF-P-0021,periferia,true,"RUA WALDYR MARTINS DE OLIVEIRA, SANTA CRUZ, Juiz de Fora, MG, 36087-610",165,RUA WALDYR MARTINS DE OLIVEIRA,SANTA CRUZ,Juiz de Fora,MG,36087-610,-21.705058,-43.438120,true
JF-P-0022,periferia,true,"RUA DOUTOR ANTONIO MOURAO GUIMARAES, 60, SANTA CRUZ, Juiz de Fora, MG",60,RUA DOUTOR ANTONIO MOURAO GUIMARAES,SANTA CRUZ,Juiz de Fora,MG,36088-280,-21.710955,-43.438830,true
JF-P-0023,periferia,true,"RUA SEM DENOMINACAO, Juiz de Fora, MG, 36090-300",,RUA SEM DENOMINACAO,BENFICA,Juiz de Fora,MG,36090-300,-21.693959,-43.445860,true
JF-P-0024,periferia,true,"R. MARIA VIDAL DE CARVALHO, IGREJINHA, Juiz de Fora, MG",,RUA MARIA VIDAL DE CARVALHO,IGREJINHA,Juiz de Fora,MG,36091-248,-21.707863,-43.485965,true
JF-P-0025,periferia,true,"AVENIDA ANTONIO GUIMARAES PERALVA, BARBOSA LAGE, Juiz de Fora, MG, 36085-170",,AVENIDA ANTONIO GUIMARAES PERALVA,BARBOSA LAGE,Juiz de Fora,MG,36085-170,-21.711300,-43.410064,true
JF-P-0026,periferia,true,"RUA CIDADE DO SOL, BARBOSA LAGE, Juiz de Fora, MG",,RUA CIDADE DO SOL,BARBOSA LAGE,Juiz de Fora,MG,36085-450,-21.718113,-43.410090,true
JF-P-0027,periferia,true,"RUA CORJESU SIMAO TEIXEIRA, Juiz de Fora, MG, 36087-410",,RUA CORJESU SIMAO TEIXEIRA,NOVA ERA,Juiz de Fora,MG,36087-410,-21.710800,-43.424337,true
JF-P-0028,periferia,true,"Av. ORLANDO RIANI, FILGUEIRAS, Juiz de Fora, MG",,AVENIDA ORLANDO RIANI,FILGUEIRAS,Juiz de Fora,MG,36048-650,-21.667228,-43.306409,true
JF-P-0029,periferia,true,"AVENIDA AFONSO GARCIA, BENFICA, Juiz de Fora, MG, 36090-640",,AVENIDA AFONSO GARCIA,BENFICA,Juiz de Fora,MG,36090-640,-21.686208,-43.440821,true
JF-P-0030,periferia,true,"RUA 24 HORAS, SANTA CRUZ, Juiz de Fora, MG",,RUA 24 HORAS,SANTA CRUZ,Juiz de Fora,MG,36087-000,-21.696252,-43.430042,true
JF-P-0031,periferia,true,"RUA MARIA FREGUGLIA DA SILVA, Juiz de Fora, MG, 36032-019",,RUA MARIA FREGUGLIA DA SILVA,GRAMA,Juiz de Fora,MG,36032-019,-21.679516,-43.347517,true
JF-P-0032,periferia,true,"Av. PRESIDENTE JUSCELINO KUBITSCHEK, BARREIRA DO TRIUNFO, Juiz de Fora, MG",,AVENIDA PRESIDENTE JUSCELINO KUBITSCHEK,BARREIRA DO TRIUNFO,Juiz de Fora,MG,36092-060,-21.658268,-43.431937,true
JF-P-0033,periferia,true,"RUA SEBASTIAO ROBERTO SCHNEIDER, SAO DAMIAO, Juiz de Fora, MG, 36088-518",,RUA SEBASTIAO ROBERTO SCHNEIDER,SAO DAMIAO,Juiz de Fora,MG,36088-518,-21.706995,-43.443360,true
JF-P-0034,periferia,true,"AVENIDA PRESIDENTE JUSCELINO KUBITSCHEK, NOVA ERA, Juiz de Fora, MG",,AVENIDA PRESIDENTE JUSCELINO KUBITSCHEK,NOVA ERA,Juiz de Fora,MG,36090-000,-21.707450,-43.416410,true
JF-P-0035,periferia,true,"AVENIDA ANTONIO GUIMARAES PERALVA, Juiz de Fora, MG, 36085-170",,AVENIDA ANTONIO GUIMARAES PERALVA,BARBOSA LAGE,Juiz de Fora,MG,36085-170,-21.716076,-43.403316,true
JF-P-0036,periferia,true,"Av. JUIZ DE FORA, GRAMA, Juiz de Fora, MG",,AVENIDA JUIZ DE FORA,GRAMA,Juiz de Fora,MG,36048-001,-21.694452,-43.353231,true
JF-P-0037,periferia,true,"AVENIDA ANTONIO WEITZEL, BARBOSA LAGE, Juiz de Fora, MG, 36085-160",,AVENIDA ANTONIO WEITZEL,BARBOSA LAGE,Juiz de Fora,MG,36085-160,-21.717185,-43.403497,true
JF-P-0038,periferia,true,"RUA ANTONIO DOS PASSOS, BARREIRA DO TRIUNFO, Juiz de Fora, MG",,RUA ANTONIO DOS PASSOS,BARREIRA DO TRIUNFO,Juiz de Fora,MG,36092-430,-21.661981,-43.431349,true
JF-P-0039,periferia,true,"RUA SEM DENOMINACAO, Juiz de Fora, MG, 36090-100",,RUA SEM DENOMINACAO,NOVA ERA,Juiz de Fora,MG,36090-100,-21.705569,-43.417183,true
JF-P-0040,periferia,true,"R. DIOMAR MONTEIRO, 1260, GRAMA, Juiz de Fora, MG",1260,RUA DIOMAR MONTEIRO,GRAMA,Juiz de Fora,MG,36048-310,-21.691381,-43.337658,true
JF-P-0041,periferia,false,"RUA DOS GUARARAPES, 106, BENFICA, Juiz de Fora, MG, 36090-370",106,RUA DOS GUARARAPES,BENFICA,Juiz de Fora,MG,36090-370,-21.689842,-43.436022,true
JF-P-0042,periferia,false,"RUA JOAQUIM MURTINHO, 180, DIAS TAVARES, Juiz de Fora, MG, 36092-900",180,RUA JOAQUIM MURTINHO,DIAS TAVARES,Juiz de Fora,MG,36092-900,-21.647653,-43.456495,true
JF-P-0043,periferia,false,"RUA GUSTAVO CAPANEMA, 70, BARBOSA LAGE, Juiz de Fora, MG, 36085-370",70,RUA GUSTAVO CAPANEMA,BARBOSA LAGE,Juiz de Fora,MG,36085-370,-21.717424,-43.408080,true
JF-P-0044,periferia,false,"RUA CLEIR REIS DUQUE, 190, IGREJINHA, Juiz de Fora, MG, 36091-244",190,RUA CLEIR REIS DUQUE,IGREJINHA,Juiz de Fora,MG,36091-244,-21.707455,-43.485346,true
JF-P-0045,periferia,false,"RUA ANTONIO PEREIRA SILVA, BARREIRA DO TRIUNFO, Juiz de Fora, MG, 36092-340",,RUA ANTONIO PEREIRA SILVA,BARREIRA DO TRIUNFO,Juiz de Fora,MG,36092-340,-21.657251,-43.431300,true
JF-P-0046,periferia,false,"RUA HENRIQUE DIAS, BENFICA, Juiz de Fora, MG, 36090-290",,RUA HENRIQUE DIAS,BENFICA,Juiz de Fora,MG,36090-290,-21.689609,-43.435956,true
JF-P-0047,periferia,false,"AVENIDA PRESIDENTE JUSCELINO KUBITSCHEK, BARREIRA DO TRIUNFO, Juiz de Fora, MG, 36092-060",,AVENIDA PRESIDENTE JUSCELINO KUBITSCHEK,BARREIRA DO TRIUNFO,Juiz de Fora,MG,36092-060,-21.657848,-43.432001,true
JF-P-0048,periferia,false,"RUA GUIMARAES JUNIOR, NOVA ERA, Juiz de Fora, MG, 36087-390",,RUA GUIMARAES JUNIOR,NOVA ERA,Juiz de Fora,MG,36087-390,-21.711548,-43.424223,true
JF-P-0049,periferia,false,"RUA ANTONIO OLIMPIO DA SILVA, 20, BARBOSA LAGE, Juiz de Fora, MG, 36085-774",20,RUA ANTONIO OLIMPIO DA SILVA,BARBOSA LAGE,Juiz de Fora,MG,36085-774,-21.712616,-43.406117,true
JF-P-0050,periferia,false,"RUA OSWALDO BELCAVELO, 15, BARBOSA LAGE, Juiz de Fora, MG, 36085-772",15,RUA OSWALDO BELCAVELO,BARBOSA LAGE,Juiz de Fora,MG,36085-772,-21.712330,-43.406499,true
JF-P-0051,periferia,false,"RUA DOS FREGUGLIA, 99, GRAMA, Juiz de Fora, MG, 36048-310",99,RUA DOS FREGUGLIA,GRAMA,Juiz de Fora,MG,36048-310,-21.690720,-43.348386,true
JF-P-0052,periferia,false,"RUA MARILIA, 509, BENFICA, Juiz de Fora, MG, 36090-330",509,RUA MARILIA,BENFICA,Juiz de Fora,MG,36090-330,-21.688915,-43.434869,true
JF-P-0053,periferia,false,"AVENIDA PRESIDENTE JUSCELINO KUBITSCHEK, 4011, NOVA ERA, Juiz de Fora, MG, 36087-000",4011,AVENIDA PRESIDENTE JUSCELINO KUBITSCHEK,NOVA ERA,Juiz de Fora,MG,36087-000,-21.711285,-43.414437,true
JF-P-0054,periferia,false,"RUA DIOMAR MONTEIRO, 90, GRAMA, Juiz de Fora, MG, 36048-310",90,RUA DIOMAR MONTEIRO,GRAMA,Juiz de Fora,MG,36048-310,-21.690388,-43.349168,true
JF-P-0055,periferia,false,"RUA DOS GUARARAPES, 179, BENFICA, Juiz de Fora, MG, 36090-370",179,RUA DOS GUARARAPES,BENFICA,Juiz de Fora,MG,36090-370,-21.689447,-43.436153,true
JF-P-0056,periferia,false,"RUA ALTAMIRO VENANCIO DE ALMEIDA, 200, SANTA CRUZ, Juiz de Fora, MG, 36088-290",200,RUA ALTAMIRO VENANCIO DE ALMEIDA,SANTA CRUZ,Juiz de Fora,MG,36088-290,-21.710158,-43.439993,true
JF-P-0057,periferia,false,"AVENIDA GARCIA RODRIGUES PAES, 144, BARBOSA LAGE, Juiz de Fora, MG, 36081-500",144,AVENIDA GARCIA RODRIGUES PAES,BARBOSA LAGE,Juiz de Fora,MG,36081-500,-21.718128,-43.398022,true
JF-P-0058,periferia,false,"AVENIDA DOUTOR SIMEAO DE FARIA, 1340, SANTA CRUZ, Juiz de Fora, MG, 36088-000",1340,AVENIDA DOUTOR SIMEAO DE FARIA,SANTA CRUZ,Juiz de Fora,MG,36088-000,-21.709976,-43.435734,true
JF-P-0059,periferia,false,"AVENIDA JORNALISTA DJALMA MEDEIROS, 2, BARBOSA LAGE, Juiz de Fora, MG, 36085-140",2,AVENIDA JORNALISTA DJALMA MEDEIROS,BARBOSA LAGE,Juiz de Fora,MG,36085-140,-21.717972,-43.400367,true
JF-P-0060,periferia,false,"RUA EVARISTO DA VEIGA, 635, BENFICA, Juiz de Fora, MG, 36090-430",635,RUA EVARISTO DA VEIGA,BENFICA,Juiz de Fora,MG,36090-430,-21.687899,-43.438445,true
JF-P-0061,periferia,false,"RUA GUIMARAES JUNIOR, 146, NOVA ERA, Juiz de Fora, MG, 36087-390",146,RUA GUIMARAES JUNIOR,NOVA ERA,Juiz de Fora,MG,36087-390,-21.703341,-43.425755,true
JF-P-0062,periferia,false,"RUA DIOGO ALVARES, 465, BENFICA, Juiz de Fora, MG, 36090-320",465,RUA DIOGO ALVARES,BENFICA,Juiz de Fora,MG,36090-320,-21.688686,-43.434187,true
JF-P-0063,periferia,false,"RUA BARTOLOMEU DOS SANTOS, 680, SAO DAMIAO, Juiz de Fora, MG, 36088-514",680,RUA BARTOLOMEU DOS SANTOS,SAO DAMIAO,Juiz de Fora,MG,36088-514,-21.700227,-43.447233,true
JF-P-0064,periferia,false,"RUA LUCAS SPADA DO VALLE, 120, BARBOSA LAGE, Juiz de Fora, MG, 36085-420",120,RUA LUCAS SPADA DO VALLE,BARBOSA LAGE,Juiz de Fora,MG,36085-420,-21.719700,-43.408622,true
JF-P-0065,periferia,false,"RUA PADRE ERNANI SIEMETZ, 36, BARBOSA LAGE, Juiz de Fora, MG, 36085-776",36,RUA PADRE ERNANI SIEMETZ,BARBOSA LAGE,Juiz de Fora,MG,36085-776,-21.712626,-43.405584,true
JF-P-0066,periferia,false,"PRACA CORONEL GEREMIAS GARCIA, 22, BENFICA, Juiz de Fora, MG, 36090-280",22,PRACA CORONEL GEREMIAS GARCIA,BENFICA,Juiz de Fora,MG,36090-280,-21.688543,-43.434278,true
JF-P-0067,periferia,false,"AVENIDA JUIZ DE FORA, GRAMA, Juiz de Fora, MG, 36048-001",,AVENIDA JUIZ DE FORA,GRAMA,Juiz de Fora,MG,36048-001,-21.663069,-43.334329,true
JF-P-0068,periferia,false,"RUA DOUTOR DIAS DA CRUZ, NOVA ERA, Juiz de Fora, MG, 36087-030",,RUA DOUTOR DIAS DA CRUZ,NOVA ERA,Juiz de Fora,MG,36087-030,-21.704796,-43.421304,true
JF-P-0069,periferia,false,"AVENIDA DOUTOR SIMEAO DE FARIA, SANTA CRUZ, Juiz de Fora, MG, 36088-000",,AVENIDA DOUTOR SIMEAO DE FARIA,SANTA CRUZ,Juiz de Fora,MG,36088-000,-21.702235,-43.429263,true
JF-P-0070,periferia,false,"AVENIDA PRESIDENTE JUSCELINO KUBITSCHEK, 10486, BARREIRA DO TRIUNFO, Juiz de Fora, MG, 36092-060",10486,AVENIDA PRESIDENTE JUSCELINO KUBITSCHEK,BARREIRA DO TRIUNFO,Juiz de Fora,MG,36092-060,-21.657579,-43.431907,true
JF-P-0071,periferia,false,"RUA JOAO MORAIS, 210, SANTA CRUZ, Juiz de Fora, MG, 36088-330",210,RUA JOAO MORAIS,SANTA CRUZ,Juiz de Fora,MG,36088-330,-21.712088,-43.438773,true
JF-P-0072,periferia,false,"AVENIDA PRESIDENTE JUSCELINO KUBITSCHEK, 10496, BARREIRA DO TRIUNFO, Juiz de Fora, MG, 36092-060",10496,AVENIDA PRESIDENTE JUSCELINO KUBITSCHEK,BARREIRA DO TRIUNFO,Juiz de Fora,MG,36092-060,-21.657383,-43.431911,true
JF-P-0073,periferia,false,"RUA EVARISTO DA VEIGA, 801, BENFICA, Juiz de Fora, MG, 36090-430",801,RUA EVARISTO DA VEIGA,BENFICA,Juiz de Fora,MG,36090-430,-21.688909,-43.437991,true
JF-P-0074,periferia,false,"RUA CLEIR REIS DUQUE, 15, IGREJINHA, Juiz de Fora, MG, 36091-244",15,RUA CLEIR REIS DUQUE,IGREJINHA,Juiz de Fora,MG,36091-244,-21.709511,-43.486895,true
JF-P-0075,periferia,false,"RUA TENENTE GUIMARAES, 485, NOVA ERA, Juiz de Fora, MG, 36087-070",485,RUA TENENTE GUIMARAES,NOVA ERA,Juiz de Fora,MG,36087-070,-21.710970,-43.419916,true
JF-P-0076,periferia,false,"RUA MARIA VIDAL DE CARVALHO, 173, IGREJINHA, Juiz de Fora, MG, 36091-248",173,RUA MARIA VIDAL DE CARVALHO,IGREJINHA,Juiz de Fora,MG,36091-248,-21.707031,-43.486230,true
JF-P-0077,periferia,false,"RUA MARILIA, 402, BENFICA, Juiz de Fora, MG, 36090-330",402,RUA MARILIA,BENFICA,Juiz de Fora,MG,36090-330,-21.689832,-43.434406,true
JF-P-0078,periferia,false,"RUA BENTO GONCALVES, 411, BENFICA, Juiz de Fora, MG, 36090-380",411,RUA BENTO GONCALVES,BENFICA,Juiz de Fora,MG,36090-380,-21.688704,-43.437318,true
JF-P-0079,periferia,false,"AVENIDA PRESIDENTE JUSCELINO KUBITSCHEK, 6465, BENFICA, Juiz de Fora, MG, 36090-000",6465,AVENIDA PRESIDENTE JUSCELINO KUBITSCHEK,BENFICA,Juiz de Fora,MG,36090-000,-21.690931,-43.432815,true
JF-P-0080,periferia,false,"RUA PEDRO AGOSTINHO, 65, GRAMA, Juiz de Fora, MG, 36048-320",65,RUA PEDRO AGOSTINHO,GRAMA,Juiz de Fora,MG,36048-320,-21.689464,-43.348000,true
JF-P-0081,periferia,false,"RUA RIO DE JANEIRO, 120, GRAMA, Juiz de Fora, MG, 36048-300",120,RUA RIO DE JANEIRO,GRAMA,Juiz de Fora,MG,36048-300,-21.691269,-43.349248,true
JF-P-0082,periferia,false,"RUA MARILIA, 761, BENFICA, Juiz de Fora, MG, 36090-330",761,RUA MARILIA,BENFICA,Juiz de Fora,MG,36090-330,-21.686828,-43.435617,true
JF-P-0083,periferia,false,"RUA 24 HORAS, SANTA CRUZ, Juiz de Fora, MG, 36087-000",,RUA 24 HORAS,SANTA CRUZ,Juiz de Fora,MG,36087-000,-21.696250,-43.430038,true
JF-P-0084,periferia,false,"AVENIDA ANTONIO GUIMARAES PERALVA, BARBOSA LAGE, Juiz de Fora, MG, 36085-170",,AVENIDA ANTONIO GUIMARAES PERALVA,BARBOSA LAGE,Juiz de Fora,MG,36085-170,-21.716232,-43.403345,true
JF-P-0085,periferia,false,"ACESSO MERCEDES BENZ, DIAS TAVARES, Juiz de Fora, MG, 36099-899",,ACESSO MERCEDES BENZ,DIAS TAVARES,Juiz de Fora,MG,36099-899,-21.663500,-43.438352,true
JF-P-0086,periferia,false,"RUA DOUTOR KALIL ABRAHAO HALLACK, SANTA CRUZ, Juiz de Fora, MG, 36088-332",,RUA DOUTOR KALIL ABRAHAO HALLACK,SANTA CRUZ,Juiz de Fora,MG,36088-332,-21.714170,-43.438174,true
JF-P-0087,periferia,false,"AVENIDA ANTONIO GUIMARAES PERALVA, 130, BARBOSA LAGE, Juiz de Fora, MG, 36085-170",130,AVENIDA ANTONIO GUIMARAES PERALVA,BARBOSA LAGE,Juiz de Fora,MG,36085-170,-21.711108,-43.410308,true
JF-P-0088,periferia,false,"RUA MARTINS BARBOSA, 186, BENFICA, Juiz de Fora, MG, 36090-300",186,RUA MARTINS BARBOSA,BENFICA,Juiz de Fora,MG,36090-300,-21.688481,-43.435346,true
JF-P-0089,periferia,false,"RUA HENRIQUE DIAS, 111, BENFICA, Juiz de Fora, MG, 36090-290",111,RUA HENRIQUE DIAS,BENFICA,Juiz de Fora,MG,36090-290,-21.689237,-43.435048,true
JF-P-0090,periferia,false,"RUA MARTINS BARBOSA, 175, BENFICA, Juiz de Fora, MG, 36090-300",175,RUA MARTINS BARBOSA,BENFICA,Juiz de Fora,MG,36090-300,-21.688445,-43.435263,true
JF-P-0091,periferia,false,"RUA DOUTOR BEZERRA DE MENEZES, 935, NOVA ERA, Juiz de Fora, MG, 36087-020",935,RUA DOUTOR BEZERRA DE MENEZES,NOVA ERA,Juiz de Fora,MG,36087-020,-21.707273,-43.418096,true
JF-P-0092,periferia,false,"RUA HENRIQUE DIAS, 120, BENFICA, Juiz de Fora, MG, 36090-290",120,RUA HENRIQUE DIAS,BENFICA,Juiz de Fora,MG,36090-290,-21.689278,-43.435090,true
JF-P-0093,periferia,false,"AVENIDA DOUTOR SIMEAO DE FARIA, 1778, SANTA CRUZ, Juiz de Fora, MG, 36088-000",1778,AVENIDA DOUTOR SIMEAO DE FARIA,SANTA CRUZ,Juiz de Fora,MG,36088-000,-21.710795,-43.437344,true
JF-P-0094,periferia,false,"AVENIDA ORLANDO RIANI, 2200, FILGUEIRAS, Juiz de Fora, MG, 36048-650",2200,AVENIDA ORLANDO RIANI,FILGUEIRAS,Juiz de Fora,MG,36048-650,-21.666941,-43.305740,true
JF-P-0095,periferia,false,"RUA TOME DE SOUZA, 116, BENFICA, Juiz de Fora, MG, 36090-270",116,RUA TOME DE SOUZA,BENFICA,Juiz de Fora,MG,36090-270,-21.690248,-43.434064,true
JF-P-0096,periferia,false,"AVENIDA PRESIDENTE JUSCELINO KUBITSCHEK, 6911, BENFICA, Juiz de Fora, MG, 36090-000",6911,AVENIDA PRESIDENTE JUSCELINO KUBITSCHEK,BENFICA,Juiz de Fora,MG,36090-000,-21.686767,-43.434348,true
JF-P-0097,periferia,false,"RUA COMANDANTE GERALDO BERG, 191, NOVA ERA, Juiz de Fora, MG, 36087-010",191,RUA COMANDANTE GERALDO BERG,NOVA ERA,Juiz de Fora,MG,36087-010,-21.707268,-43.417221,true
JF-P-0098,periferia,false,"AVENIDA INES GARCIA, 100, BENFICA, Juiz de Fora, MG, 36090-310",100,AVENIDA INES GARCIA,BENFICA,Juiz de Fora,MG,36090-310,-21.687167,-43.435001,true
JF-P-0099,periferia,false,"AVENIDA DOUTOR SIMEAO DE FARIA, 1741, SANTA CRUZ, Juiz de Fora, MG, 36087-450",1741,AVENIDA DOUTOR SIMEAO DE FARIA,SANTA CRUZ,Juiz de Fora,MG,36087-450,-21.711951,-43.439472,true
JF-P-0100,periferia,false,"RUA DIOGO ALVARES, 475, BENFICA, Juiz de Fora, MG, 36090-320",475,RUA DIOGO ALVARES,BENFICA,Juiz de Fora,MG,36090-320,-21.688590,-43.434232,true
JF-P-0101,periferia,false,"RUA MARTINS BARBOSA, 124, BENFICA, Juiz de Fora, MG, 36090-300",124,RUA MARTINS BARBOSA,BENFICA,Juiz de Fora,MG,36090-300,-21.688427,-43.434920,true
JF-P-0102,periferia,false,"AVENIDA JUIZ DE FORA, 2667, GRAMA, Juiz de Fora, MG, 36048-001",2667,AVENIDA JUIZ DE FORA,GRAMA,Juiz de Fora,MG,36048-001,-21.678175,-43.344845,true
JF-P-0103,periferia,false,"AVENIDA JUIZ DE FORA, 1045, GRAMA, Juiz de Fora, MG, 36048-001",1045,AVENIDA JUIZ DE FORA,GRAMA,Juiz de Fora,MG,36048-001,-21.692051,-43.351201,true
JF-P-0104,periferia,false,"AVENIDA PRESIDENTE JUSCELINO KUBITSCHEK, 10269, BARREIRA DO TRIUNFO, Juiz de Fora, MG, 36092-235",10269,AVENIDA PRESIDENTE JUSCELINO KUBITSCHEK,BARREIRA DO TRIUNFO,Juiz de Fora,MG,36092-235,-21.660382,-43.432096,true
JF-P-0105,periferia,false,"RUA DOS GUARARAPES, 306, BENFICA, Juiz de Fora, MG, 36090-370",306,RUA DOS GUARARAPES,BENFICA,Juiz de Fora,MG,36090-370,-21.688137,-43.436739,true
JF-P-0106,periferia,false,"AVENIDA DOUTOR SIMEAO DE FARIA, 1776, SANTA CRUZ, Juiz de Fora, MG, 36088-000",1776,AVENIDA DOUTOR SIMEAO DE FARIA,SANTA CRUZ,Juiz de Fora,MG,36088-000,-21.710934,-43.437479,true
JF-P-0107,periferia,false,"RUA DOUTOR SIMEAO DE FARIA, 1647, SANTA CRUZ, Juiz de Fora, MG, 36087-450",1647,RUA DOUTOR SIMEAO DE FARIA,SANTA CRUZ,Juiz de Fora,MG,36087-450,-21.710149,-43.435987,true
JF-P-0108,periferia,false,"AVENIDA PEDRO TIMPONI, 12, BENFICA, Juiz de Fora, MG, 36091-000",12,AVENIDA PEDRO TIMPONI,BENFICA,Juiz de Fora,MG,36091-000,-21.693109,-43.442152,true
JF-P-0109,periferia,false,"AVENIDA INES GARCIA, 170, BENFICA, Juiz de Fora, MG, 36090-310",170,AVENIDA INES GARCIA,BENFICA,Juiz de Fora,MG,36090-310,-21.687524,-43.435767,true
JF-P-0110,periferia,false,"RUA MARTINS BARBOSA, 54, BENFICA, Juiz de Fora, MG, 36090-300",54,RUA MARTINS BARBOSA,BENFICA,Juiz de Fora,MG,36090-300,-21.688090,-43.434190,true
JF-P-0111,periferia,false,"RUA MARTINS BARBOSA, 108, BENFICA, Juiz de Fora, MG, 36090-300",108,RUA MARTINS BARBOSA,BENFICA,Juiz de Fora,MG,36090-300,-21.688198,-43.434666,true
JF-P-0112,periferia,false,"RUA DIOGO ALVARES, 499, BENFICA, Juiz de Fora, MG, 36090-320",499,RUA DIOGO ALVARES,BENFICA,Juiz de Fora,MG,36090-320,-21.688433,-43.434317,true
JF-P-0113,periferia,false,"AVENIDA DOUTOR BEZERRA DE MENEZES, 76, NOVA ERA, Juiz de Fora, MG, 36087-020",76,AVENIDA DOUTOR BEZERRA DE MENEZES,NOVA ERA,Juiz de Fora,MG,36087-020,-21.701180,-43.424144,true
JF-P-0114,periferia,false,"AVENIDA DOUTOR SIMEAO DE FARIA, 1410, SANTA CRUZ, Juiz de Fora, MG, 36088-000",1410,AVENIDA DOUTOR SIMEAO DE FARIA,SANTA CRUZ,Juiz de Fora,MG,36088-000,-21.710278,-43.436547,true
JF-P-0115,periferia,false,"AVENIDA DOUTOR SIMEAO DE FARIA, 1510, SANTA CRUZ, Juiz de Fora, MG, 36088-000",1510,AVENIDA DOUTOR SIMEAO DE FARIA,SANTA CRUZ,Juiz de Fora,MG,36088-000,-21.710930,-43.437213,true
JF-P-0116,periferia,false,"RUA MARIA DA CONCEICAO MARINHO, 255, SANTA CRUZ, Juiz de Fora, MG, 36088-260",255,RUA MARIA DA CONCEICAO MARINHO,SANTA CRUZ,Juiz de Fora,MG,36088-260,-21.710038,-43.441208,true
JF-P-0117,periferia,false,"AVENIDA INES GARCIA, 161, BENFICA, Juiz de Fora, MG, 36090-310",161,AVENIDA INES GARCIA,BENFICA,Juiz de Fora,MG,36090-310,-21.687517,-43.435454,true
JF-P-0118,periferia,false,"RUA MARTINS BARBOSA, 91, BENFICA, Juiz de Fora, MG, 36090-300",91,RUA MARTINS BARBOSA,BENFICA,Juiz de Fora,MG,36090-300,-21.688229,-43.434561,true
JF-P-0119,periferia,false,"RUA GUIMARAES JUNIOR, 425, NOVA ERA, Juiz de Fora, MG, 36087-390",425,RUA GUIMARAES JUNIOR,NOVA ERA,Juiz de Fora,MG,36087-390,-21.707560,-43.424923,true
JF-P-0120,periferia,false,"AVENIDA JUIZ DE FORA, 1085, GRAMA, Juiz de Fora, MG, 36048-001",1085,AVENIDA JUIZ DE FORA,GRAMA,Juiz de Fora,MG,36048-001,-21.691684,-43.350917,true
JF-P-0121,periferia,false,"RUA SABINO TORTURA, 268, SANTA CRUZ, Juiz de Fora, MG, 36087-580",268,RUA SABINO TORTURA,SANTA CRUZ,Juiz de Fora,MG,36087-580,-21.705112,-43.435444,true
JF-P-0122,periferia,false,"RUA ELPIDIO JOSE DOS REIS, 22, NOVA ERA, Juiz de Fora, MG, 36087-365",22,RUA ELPIDIO JOSE DOS REIS,NOVA ERA,Juiz de Fora,MG,36087-365,-21.702853,-43.426893,true
JF-P-0123,periferia,false,"AVENIDA DOUTOR SIMEAO DE FARIA, 1320, SANTA CRUZ, Juiz de Fora, MG, 36088-000",1320,AVENIDA DOUTOR SIMEAO DE FARIA,SANTA CRUZ,Juiz de Fora,MG,36088-000,-21.709221,-43.433538,true
JF-P-0124,periferia,false,"RUA DOUTOR DIAS DA CRUZ, 410, NOVA ERA, Juiz de Fora, MG, 36087-030",410,RUA DOUTOR DIAS DA CRUZ,NOVA ERA,Juiz de Fora,MG,36087-030,-21.704258,-43.421862,true
JF-P-0125,periferia,false,"RUA DOUTOR BEZERRA DE MENEZES, 490, NOVA ERA, Juiz de Fora, MG, 36087-020",490,RUA DOUTOR BEZERRA DE MENEZES,NOVA ERA,Juiz de Fora,MG,36087-020,-21.703882,-43.421418,true
JF-P-0126,periferia,false,"AVENIDA INES GARCIA, 165, BENFICA, Juiz de Fora, MG, 36090-310",165,AVENIDA INES GARCIA,BENFICA,Juiz de Fora,MG,36090-310,-21.687267,-43.435639,true
JF-P-0127,periferia,false,"RUA DOUTOR BEZERRA DE MENEZES, 329, NOVA ERA, Juiz de Fora, MG, 36087-020",329,RUA DOUTOR BEZERRA DE MENEZES,NOVA ERA,Juiz de Fora,MG,36087-020,-21.702794,-43.422554,true
JF-P-0128,periferia,false,"AVENIDA DOUTOR BEZERRA DE MENEZES, 126, NOVA ERA, Juiz de Fora, MG, 36087-020",126,AVENIDA DOUTOR BEZERRA DE MENEZES,NOVA ERA,Juiz de Fora,MG,36087-020,-21.701720,-43.423583,true
JF-P-0129,periferia,false,"RUA MARILIA, 540, BENFICA, Juiz de Fora, MG, 36090-330",540,RUA MARILIA,BENFICA,Juiz de Fora,MG,36090-330,-21.688555,-43.435018,true
JF-P-0130,periferia,false,"RUA MARTINS BARBOSA, 36, BENFICA, Juiz de Fora, MG, 36090-300",36,RUA MARTINS BARBOSA,BENFICA,Juiz de Fora,MG,36090-300,-21.688155,-43.433991,true
JF-P-0131,periferia,false,"RUA MARIA CANDIDA DE JESUS, 22, SANTA CRUZ, Juiz de Fora, MG, 36088-300",22,RUA MARIA CANDIDA DE JESUS,SANTA CRUZ,Juiz de Fora,MG,36088-300,-21.710566,-43.438137,true
JF-P-0132,periferia,false,"RUA MARILIA, 510, BENFICA, Juiz de Fora, MG, 36090-330",510,RUA MARILIA,BENFICA,Juiz de Fora,MG,36090-330,-21.688820,-43.434895,true
JF-P-0133,periferia,false,"RUA DOUTOR BEZERRA DE MENEZES, 460, NOVA ERA, Juiz de Fora, MG, 36087-020",460,RUA DOUTOR BEZERRA DE MENEZES,NOVA ERA,Juiz de Fora,MG,36087-020,-21.703604,-43.421668,true
JF-P-0134,periferia,false,"RUA HENRIQUE DIAS, 357, BENFICA, Juiz de Fora, MG, 36090-290",357,RUA HENRIQUE DIAS,BENFICA,Juiz de Fora,MG,36090-290,-21.689945,-43.437355,true
JF-P-0135,periferia,false,"RUA DOUTOR ANTONIO MOURAO GUIMARAES, 245, SANTA CRUZ, Juiz de Fora, MG, 36088-280",245,RUA DOUTOR ANTONIO MOURAO GUIMARAES,SANTA CRUZ,Juiz de Fora,MG,36088-280,-21.709592,-43.440594,true
JF-P-0136,periferia,false,"RUA HENRIQUE DIAS, 196, BENFICA, Juiz de Fora, MG, 36090-290",196,RUA HENRIQUE DIAS,BENFICA,Juiz de Fora,MG,36090-290,-21.689591,-43.435774,true
JF-P-0137,periferia,false,"AVENIDA DOUTOR SIMEAO DE FARIA, 1332, SANTA CRUZ, Juiz de Fora, MG, 36088-000",1332,AVENIDA DOUTOR SIMEAO DE FARIA,SANTA CRUZ,Juiz de Fora,MG,36088-000,-21.710035,-43.435564,true
JF-P-0138,periferia,false,"RUA DIOGO ALVARES, 673, BENFICA, Juiz de Fora, MG, 36090-320",673,RUA DIOGO ALVARES,BENFICA,Juiz de Fora,MG,36090-320,-21.687590,-43.434598,true
JF-P-0139,periferia,false,"RUA ERNESTO PANCINI, 314, SANTA CRUZ, Juiz de Fora, MG, 36087-570",314,RUA ERNESTO PANCINI,SANTA CRUZ,Juiz de Fora,MG,36087-570,-21.704548,-43.435312,true
JF-P-0140,periferia,false,"RUA DIOGO ALVARES, 469, BENFICA, Juiz de Fora, MG, 36090-320",469,RUA DIOGO ALVARES,BENFICA,Juiz de Fora,MG,36090-320,-21.689322,-43.433868,true
JF-P-0141,periferia,false,"AVENIDA JUIZ DE FORA, 1177, GRAMA, Juiz de Fora, MG, 36048-001",1177,AVENIDA JUIZ DE FORA,GRAMA,Juiz de Fora,MG,36048-001,-21.690988,-43.350237,true
JF-P-0142,periferia,false,"RUA MARIA DA CONCEICAO MARINHO, 19, SANTA CRUZ, Juiz de Fora, MG, 36088-260",19,RUA MARIA DA CONCEICAO MARINHO,SANTA CRUZ,Juiz de Fora,MG,36088-260,-21.711459,-43.439195,true
JF-P-0143,periferia,false,"AVENIDA DOUTOR SIMEAO DE FARIA, 1440, SANTA CRUZ, Juiz de Fora, MG, 36088-000",1440,AVENIDA DOUTOR SIMEAO DE FARIA,SANTA CRUZ,Juiz de Fora,MG,36088-000,-21.710454,-43.436973,true
JF-P-0144,periferia,false,"RUA GUIMARAES JUNIOR, 727, NOVA ERA, Juiz de Fora, MG, 36087-390",727,RUA GUIMARAES JUNIOR,NOVA ERA,Juiz de Fora,MG,36087-390,-21.710852,-43.424352,true
JF-P-0145,periferia,false,"RUA DOUTOR SIMEAO DE FARIA, 1105, SANTA CRUZ, Juiz de Fora, MG, 36087-450",1105,RUA DOUTOR SIMEAO DE FARIA,SANTA CRUZ,Juiz de Fora,MG,36087-450,-21.709845,-43.435555,true
JF-P-0146,periferia,false,"RUA MARILIA, 525, BENFICA, Juiz de Fora, MG, 36090-330",525,RUA MARILIA,BENFICA,Juiz de Fora,MG,36090-330,-21.688637,-43.434806,true
JF-P-0147,periferia,false,"AVENIDA DOUTOR BEZERRA DE MENEZES, 5, NOVA ERA, Juiz de Fora, MG, 36087-020",5,AVENIDA DOUTOR BEZERRA DE MENEZES,NOVA ERA,Juiz de Fora,MG,36087-020,-21.700535,-43.424622,true
JF-P-0148,periferia,false,"RUA PAULO GARCIA, 200, BENFICA, Juiz de Fora, MG, 36090-340",200,RUA PAULO GARCIA,BENFICA,Juiz de Fora,MG,36090-340,-21.688859,-43.435672,true
JF-P-0149,periferia,false,"AVENIDA PRESIDENTE JUSCELINO KUBITSCHEK, BENFICA, Juiz de Fora, MG, 36090-000",,AVENIDA PRESIDENTE JUSCELINO KUBITSCHEK,BENFICA,Juiz de Fora,MG,36090-000,-21.694477,-43.431127,true
JF-P-0150,periferia,false,"AVENIDA DOUTOR SIMEAO DE FARIA, SANTA CRUZ, Juiz de Fora, MG, 36087-450",,AVENIDA DOUTOR SIMEAO DE FARIA,SANTA CRUZ,Juiz de Fora,MG,36087-450,-21.713282,-43.440482,true
JF-P-0151,periferia,false,"RUA MARILIA, BENFICA, Juiz de Fora, MG, 36090-330",,RUA MARILIA,BENFICA,Juiz de Fora,MG,36090-330,-21.688830,-43.434776,true
JF-P-0152,periferia,false,"RUA DOS FREGUGLIA, GRAMA, Juiz de Fora, MG, 36048-310",,RUA DOS FREGUGLIA,GRAMA,Juiz de Fora,MG,36048-310,-21.690709,-43.348376,true
JF-P-0153,periferia,false,"RUA TENENTE LUCAS DRUMONT, JARDIM NATAL, Juiz de Fora, MG, 36083-390",,RUA TENENTE LUCAS DRUMONT,JARDIM NATAL,Juiz de Fora,MG,36083-390,-21.731181,-43.398093,true
JF-P-0154,periferia,false,"RUA EMILIA AUGUSTA DA COSTA, 200, FILGUEIRAS, Juiz de Fora, MG, 36048-674",200,RUA EMILIA AUGUSTA DA COSTA,FILGUEIRAS,Juiz de Fora,MG,36048-674,-21.660837,-43.305146,true
JF-P-0155,periferia,false,"RUA DIOGO ALVARES, 133, BENFICA, Juiz de Fora, MG, 36090-320",133,RUA DIOGO ALVARES,BENFICA,Juiz de Fora,MG,36090-320,-21.692144,-43.432819,true
JF-P-0156,periferia,false,"RUA DOS GUARARAPES, 418, BENFICA, Juiz de Fora, MG, 36090-370",418,RUA DOS GUARARAPES,BENFICA,Juiz de Fora,MG,36090-370,-21.687323,-43.436960,true
JF-P-0157,periferia,false,"RUA DOUTOR JOSE SABINO TOSTES, 30, SAO DAMIAO, Juiz de Fora, MG, 36088-530",30,RUA DOUTOR JOSE SABINO TOSTES,SAO DAMIAO,Juiz de Fora,MG,36088-530,-21.702767,-43.444830,true
JF-P-0158,periferia,false,"RUA JOAQUIM MURTINHO, 330, DIAS TAVARES, Juiz de Fora, MG, 36092-900",330,RUA JOAQUIM MURTINHO,DIAS TAVARES,Juiz de Fora,MG,36092-900,-21.646530,-43.457356,true
JF-P-0159,periferia,false,"RUA CLEIR REIS DUQUE, 66, IGREJINHA, Juiz de Fora, MG, 36091-244",66,RUA CLEIR REIS DUQUE,IGREJINHA,Juiz de Fora,MG,36091-244,-21.708707,-43.486107,true
JF-P-0160,periferia,false,"RUA SALVADOR DEL DUCA, 815, NOVA ERA, Juiz de Fora, MG, 36087-360",815,RUA SALVADOR DEL DUCA,NOVA ERA,Juiz de Fora,MG,36087-360,-21.709679,-43.425789,true
JF-P-0161,periferia,false,"RUA ANA INACIA REIS, 47, IGREJINHA, Juiz de Fora, MG, 36091-240",47,RUA ANA INACIA REIS,IGREJINHA,Juiz de Fora,MG,36091-240,-21.708244,-43.488656,true
JF-P-0162,periferia,false,"RUA FRANCISCO JORGE DE OLIVEIRA, 149, SANTA CRUZ, Juiz de Fora, MG, 36088-494",149,RUA FRANCISCO JORGE DE OLIVEIRA,SANTA CRUZ,Juiz de Fora,MG,36088-494,-21.707291,-43.428724,true
JF-P-0163,periferia,false,"RUA JOSE MARCELINO TEIXEIRA, 79, FILGUEIRAS, Juiz de Fora, MG, 36048-672",79,RUA JOSE MARCELINO TEIXEIRA,FILGUEIRAS,Juiz de Fora,MG,36048-672,-21.661608,-43.306324,true
JF-P-0164,periferia,false,"AVENIDA PRESIDENTE JUSCELINO KUBITSCHEK, 6401, BENFICA, Juiz de Fora, MG, 36090-000",6401,AVENIDA PRESIDENTE JUSCELINO KUBITSCHEK,BENFICA,Juiz de Fora,MG,36090-000,-21.691596,-43.432525,true
JF-P-0165,periferia,false,"RUA VERISSIMO LOPES GUIMARAES, 135, GRAMA, Juiz de Fora, MG, 36048-220",135,RUA VERISSIMO LOPES GUIMARAES,GRAMA,Juiz de Fora,MG,36048-220,-21.693540,-43.344167,true
JF-P-0166,periferia,false,"RUA MANOEL TEIXEIRA SALGADO, 2834, FILGUEIRAS, Juiz de Fora, MG, 36048-692",2834,RUA MANOEL TEIXEIRA SALGADO,FILGUEIRAS,Juiz de Fora,MG,36048-692,-21.667409,-43.299580,true
JF-P-0167,periferia,false,"RUA EVARISTO DA VEIGA, 860, BENFICA, Juiz de Fora, MG, 36090-430",860,RUA EVARISTO DA VEIGA,BENFICA,Juiz de Fora,MG,36090-430,-21.685260,-43.439389,true
JF-P-0168,periferia,false,"RUA MIGUEL MARINHO, 235, SANTA CRUZ, Juiz de Fora, MG, 36088-240",235,RUA MIGUEL MARINHO,SANTA CRUZ,Juiz de Fora,MG,36088-240,-21.710284,-43.441811,true
JF-P-0169,periferia,false,"RUA TENENTE LUCAS DRUMONT, 94, JARDIM NATAL, Juiz de Fora, MG, 36083-390",94,RUA TENENTE LUCAS DRUMONT,JARDIM NATAL,Juiz de Fora,MG,36083-390,-21.730726,-43.396756,true
JF-P-0170,periferia,false,"RUA JACY DE ASSIS, 395, BARREIRA DO TRIUNFO, Juiz de Fora, MG, 36092-410",395,RUA JACY DE ASSIS,BARREIRA DO TRIUNFO,Juiz de Fora,MG,36092-410,-21.662493,-43.428040,true
JF-P-0171,periferia,false,"RUA PROFESSOR MOZART TEIXEIRA FILHO, 315, BARREIRA DO TRIUNFO, Juiz de Fora, MG, 36092-480",315,RUA PROFESSOR MOZART TEIXEIRA FILHO,BARREIRA DO TRIUNFO,Juiz de Fora,MG,36092-480,-21.663127,-43.428315,true
JF-P-0172,periferia,false,"RUA CLEIR REIS DUQUE, 15, IGREJINHA, Juiz de Fora, MG, 36091-244",15,RUA CLEIR REIS DUQUE,IGREJINHA,Juiz de Fora,MG,36091-244,-21.709400,-43.486767,true
JF-P-0173,periferia,false,"RUA VEREADOR JOSE JOAQUIM SOBREIRA, 294, FILGUEIRAS, Juiz de Fora, MG, 36048-664",294,RUA VEREADOR JOSE JOAQUIM SOBREIRA,FILGUEIRAS,Juiz de Fora,MG,36048-664,-21.663636,-43.306114,true
JF-P-0174,periferia,false,"RUA JOSE TEIXEIRA DA SILVA, 29, BARBOSA LAGE, Juiz de Fora, MG, 36085-440",29,RUA JOSE TEIXEIRA DA SILVA,BARBOSA LAGE,Juiz de Fora,MG,36085-440,-21.715550,-43.407967,true
JF-P-0175,periferia,false,"RUA MARIA DULCE VASQUES DE CASTRO, 495, SANTA CRUZ, Juiz de Fora, MG, 36088-392",495,RUA MARIA DULCE VASQUES DE CASTRO,SANTA CRUZ,Juiz de Fora,MG,36088-392,-21.718769,-43.439977,true
JF-P-0176,periferia,false,"RUA DA PASSAGEM, 10, GRAMA, Juiz de Fora, MG, 36048-340",10,RUA DA PASSAGEM,GRAMA,Juiz de Fora,MG,36048-340,-21.690359,-43.349862,true
JF-P-0177,periferia,false,"RUA ALTIVO MILITAO, 205, NOVA ERA, Juiz de Fora, MG, 36087-130",205,RUA ALTIVO MILITAO,NOVA ERA,Juiz de Fora,MG,36087-130,-21.706585,-43.419413,true
JF-P-0178,periferia,false,"RUA DOUTOR DIAS DA CRUZ, 468, NOVA ERA, Juiz de Fora, MG, 36087-030",468,RUA DOUTOR DIAS DA CRUZ,NOVA ERA,Juiz de Fora,MG,36087-030,-21.704865,-43.422087,true
JF-P-0179,periferia,false,"RUA PROFESSOR MOZART TEIXEIRA FILHO, 60, BARREIRA DO TRIUNFO, Juiz de Fora, MG, 36092-480",60,RUA PROFESSOR MOZART TEIXEIRA FILHO,BARREIRA DO TRIUNFO,Juiz de Fora,MG,36092-480,-21.662092,-43.430750,true
JF-P-0180,periferia,false,"RUA DIOMAR MONTEIRO, 1060, GRAMA, Juiz de Fora, MG, 36048-310",1060,RUA DIOMAR MONTEIRO,GRAMA,Juiz de Fora,MG,36048-310,-21.690747,-43.339021,true
JF-P-0181,periferia,false,"RUA JOANA D ARC, 172, SANTA CRUZ, Juiz de Fora, MG, 36088-390",172,RUA JOANA D ARC,SANTA CRUZ,Juiz de Fora,MG,36088-390,-21.715015,-43.441266,true
JF-P-0182,periferia,false,"AVENIDA ORLANDO RIANI, 2217, FILGUEIRAS, Juiz de Fora, MG, 36048-650",2217,AVENIDA ORLANDO RIANI,FILGUEIRAS,Juiz de Fora,MG,36048-650,-21.666553,-43.305194,true
JF-P-0183,periferia,false,"RUA G, 52, IGREJINHA, Juiz de Fora, MG, 36091-240",52,RUA G,IGREJINHA,Juiz de Fora,MG,36091-240,-21.709297,-43.488661,true
JF-P-0184,periferia,false,"RUA MAJOR OCTAVIO FERREIRA, 70, BARBOSA LAGE, Juiz de Fora, MG, 36085-762",70,RUA MAJOR OCTAVIO FERREIRA,BARBOSA LAGE,Juiz de Fora,MG,36085-762,-21.709650,-43.405962,true
JF-P-0185,periferia,false,"RUA GERALDO SCALDINE MACHADO, 97, JARDIM NATAL, Juiz de Fora, MG, 36083-380",97,RUA GERALDO SCALDINE MACHADO,JARDIM NATAL,Juiz de Fora,MG,36083-380,-21.735499,-43.401496,true
JF-P-0186,periferia,false,"RUA JOAQUIM MURTINHO, 390, DIAS TAVARES, Juiz de Fora, MG, 36092-900",390,RUA JOAQUIM MURTINHO,DIAS TAVARES,Juiz de Fora,MG,36092-900,-21.645999,-43.457727,true
JF-P-0187,periferia,false,"RUA LUIZ VILLANI, 431, SANTA CRUZ, Juiz de Fora, MG, 36087-640",431,RUA LUIZ VILLANI,SANTA CRUZ,Juiz de Fora,MG,36087-640,-21.706352,-43.439080,true
JF-P-0188,periferia,false,"RUA BARTOLOMEU DOS SANTOS, 275, SAO DAMIAO, Juiz de Fora, MG, 36088-514",275,RUA BARTOLOMEU DOS SANTOS,SAO DAMIAO,Juiz de Fora,MG,36088-514,-21.703971,-43.444978,true
JF-P-0189,periferia,false,"RUA GENERAL ALMERINDO DA SILVA GOMES, 300, NOVA ERA, Juiz de Fora, MG, 36087-330",300,RUA GENERAL ALMERINDO DA SILVA GOMES,NOVA ERA,Juiz de Fora,MG,36087-330,-21.701489,-43.425745,true
JF-P-0190,periferia,false,"RUA MIGUEL MARINHO, 353, SANTA CRUZ, Juiz de Fora, MG, 36088-240",353,RUA MIGUEL MARINHO,SANTA CRUZ,Juiz de Fora,MG,36088-240,-21.709572,-43.442911,true
JF-P-0191,periferia,false,"RUA DURVAL MANOEL DE ANDRADE, 530, GRAMA, Juiz de Fora, MG, 36048-650",530,RUA DURVAL MANOEL DE ANDRADE,GRAMA,Juiz de Fora,MG,36048-650,-21.673212,-43.317864,true
JF-P-0192,periferia,false,"RUA MIGUEL MARINHO, 345, SANTA CRUZ, Juiz de Fora, MG, 36088-240",345,RUA MIGUEL MARINHO,SANTA CRUZ,Juiz de Fora,MG,36088-240,-21.708641,-43.443716,true
JF-P-0193,periferia,false,"AVENIDA JUIZ DE FORA, 1681, GRAMA, Juiz de Fora, MG, 36048-001",1681,AVENIDA JUIZ DE FORA,GRAMA,Juiz de Fora,MG,36048-001,-21.686879,-43.349032,true
JF-P-0194,periferia,false,"RUA OSMAR FERNANDES DE OLIVEIRA, 95, SAO DAMIAO, Juiz de Fora, MG, 36088-526",95,RUA OSMAR FERNANDES DE OLIVEIRA,SAO DAMIAO,Juiz de Fora,MG,36088-526,-21.702508,-43.445351,true
JF-P-0195,periferia,false,"RUA JOAO CARLOS GARCIA, 270, BENFICA, Juiz de Fora, MG, 36090-400",270,RUA JOAO CARLOS GARCIA,BENFICA,Juiz de Fora,MG,36090-400,-21.693564,-43.434461,true
JF-P-0196,periferia,false,"RUA MARTINS BARBOSA, 164, BENFICA, Juiz de Fora, MG, 36090-300",164,RUA MARTINS BARBOSA,BENFICA,Juiz de Fora,MG,36090-300,-21.688380,-43.435148,true
JF-P-0197,periferia,false,"AVENIDA ANTONIO GUIMARAES PERALVA, 23, BARBOSA LAGE, Juiz de Fora, MG, 36085-170",23,AVENIDA ANTONIO GUIMARAES PERALVA,BARBOSA LAGE,Juiz de Fora,MG,36085-170,-21.714749,-43.405022,true
JF-P-0198,periferia,false,"RUA FRANKLIN SOARES FERREIRA, 265, GRAMA, Juiz de Fora, MG, 36048-070",265,RUA FRANKLIN SOARES FERREIRA,GRAMA,Juiz de Fora,MG,36048-070,-21.693721,-43.352013,true
JF-P-0199,periferia,false,"AVENIDA JUIZ DE FORA, 1586, GRAMA, Juiz de Fora, MG, 36048-001",1586,AVENIDA JUIZ DE FORA,GRAMA,Juiz de Fora,MG,36048-001,-21.687701,-43.349142,true
JF-P-0200,periferia,false,"RUA CANTOR ORLANDO SILVA, 14, BARBOSA LAGE, Juiz de Fora, MG, 36085-320",14,RUA CANTOR ORLANDO SILVA,BARBOSA LAGE,Juiz de Fora,MG,36085-320,-21.714994,-43.406798,true
JF-R-0001,rural,true,"ESTRADA PIRES, PIRES, Juiz de Fora, MG, 36107-500",,ESTRADA PIRES,PIRES,Juiz de Fora,MG,36107-500,-21.963717,-43.563637,true
JF-R-0002,rural,true,"ESTRADA BUIRIR, BUIEIE, Juiz de Fora, MG",,ESTRADA BUIRIR,BUIEIE,Juiz de Fora,MG,36101-000,-21.664217,-43.634291,true
JF-R-0003,rural,true,"ESTRADA VARGINHA, Juiz de Fora, MG, 36103-800",,ESTRADA VARGINHA,VARGINHA,Juiz de Fora,MG,36103-800,-21.546792,-43.461053,true
JF-R-0004,rural,true,"Estr. PALMITAL, PALMITAL, Juiz de Fora, MG",,ESTRADA PALMITAL,PALMITAL,Juiz de Fora,MG,36101-000,-21.724632,-43.649653,true
JF-R-0005,rural,true,"RODOVIA MG 353, SALVATERRA, Juiz de Fora, MG, 36107-000",,RODOVIA MG 353,SALVATERRA,Juiz de Fora,MG,36107-000,-21.873087,-43.451848,true
JF-R-0006,rural,true,"ESTRADA PRIVILEGIO PARA JACUTINGA, PRIVILEGIO, Juiz de Fora, MG",,ESTRADA PRIVILEGIO PARA JACUTINGA,PRIVILEGIO,Juiz de Fora,MG,36107-500,-21.917738,-43.577300,true
JF-R-0007,rural,true,"ESTRADA MG 353, 113, Juiz de Fora, MG, 36107-000",113,ESTRADA MG 353,TORREOES,Juiz de Fora,MG,36107-000,-21.879368,-43.493735,true
JF-R-0008,rural,true,"Estr. JACUTINGA PARA PIRAPITINGA, JACUTINGA, Juiz de Fora, MG",,ESTRADA JACUTINGA PARA PIRAPITINGA,JACUTINGA,Juiz de Fora,MG,36107-000,-21.888444,-43.580497,true
JF-R-0009,rural,true,"ESTRADA MONTE VERDE PARA TORREOES, MONTE VERDE, Juiz de Fora, MG, 36107-000",,ESTRADA MONTE VERDE PARA TORREOES,MONTE VERDE,Juiz de Fora,MG,36107-000,-21.909958,-43.535135,true
JF-R-0010,rural,true,"ESTRADA MONTE VERDE PARA TORREOES, MONTE VERDE, Juiz de Fora, MG",,ESTRADA MONTE VERDE PARA TORREOES,MONTE VERDE,Juiz de Fora,MG,36107-000,-21.906872,-43.540435,true
JF-R-0011,rural,true,"ESTRADA PIRAPETINGA PARA TORREOS, Juiz de Fora, MG, 36107-000",,ESTRADA PIRAPETINGA PARA TORREOS,PIRAPETINGA,Juiz de Fora,MG,36107-000,-21.837534,-43.570495,true
JF-R-0012,rural,true,"Estr. FAZENDA ROCHEDO, SARANDIRA, Juiz de Fora, MG",,ESTRADA FAZENDA ROCHEDO,SARANDIRA,Juiz de Fora,MG,36104-000,-21.837074,-43.182881,true
JF-R-0013,rural,true,"ESTRADA LAGOA, HUMAITA, Juiz de Fora, MG, 36000-001",,ESTRADA LAGOA,HUMAITA,Juiz de Fora,MG,36000-001,-21.832533,-43.482331,true
JF-R-0014,rural,true,"ESTRADA GRANJAMENTO VIA HUMAITA, HUMAITA, Juiz de Fora, MG",,ESTRADA GRANJAMENTO VIA HUMAITA,HUMAITA,Juiz de Fora,MG,36000-001,-21.804263,-43.498740,true
JF-R-0015,rural,true,"RUA FRANSCISCO COSTA PIRES, Juiz de Fora, MG, 36091-212",,RUA FRANSCISCO COSTA PIRES,NOVA JERUSALEM,Juiz de Fora,MG,36091-212,-21.741183,-43.477105,true
JF-R-0016,rural,true,"Estr. CAETE VIA CAMPO ALEGRE, SARANDIRA, Juiz de Fora, MG",,ESTRADA CAETE VIA CAMPO ALEGRE,SARANDIRA,Juiz de Fora,MG,36104-000,-21.826728,-43.197344,true
JF-R-0017,rural,true,"AVENIDA VEREADOR RAYMUNDO HARGREAVES, MORRO DO SABAO, Juiz de Fora, MG, 36083-770",5830,AVENIDA VEREADOR RAYMUNDO HARGREAVES,MORRO DO SABAO,Juiz de Fora,MG,36083-770,-21.753514,-43.443110,true
JF-R-0018,rural,true,"ALAMEDA DOS BRUGGER, 520, RECANTO DOS BRUGGER, Juiz de Fora, MG",520,ALAMEDA DOS BRUGGER,RECANTO DOS BRUGGER,Juiz de Fora,MG,36037-670,-21.762409,-43.405598,true
JF-R-0019,rural,true,"ESTRADA TORREOES, Juiz de Fora, MG, 36107-000",,ESTRADA TORREOES,TORREOES,Juiz de Fora,MG,36107-000,-21.859062,-43.518147,true
JF-R-0020,rural,true,"R. JOSE DOS ANJOS, CACHOEIRINHA, Juiz de Fora, MG",,RUA JOSE DOS ANJOS,CACHOEIRINHA,Juiz de Fora,MG,36091-212,-21.732751,-43.474155,true
JF-R-0021,rural,true,"ESTRADA DA FAZENDA SANTO ANTONIO DOS CORDEIROS, GRANJA DOS CORDEIROS, Juiz de Fora, MG, 36000-001",,ESTRADA DA FAZENDA SANTO ANTONIO DOS CORDEIROS,GRANJA DOS CORDEIROS,Juiz de Fora,MG,36000-001,-21.823747,-43.447318,true
JF-R-0022,rural,true,"ESTRADA PALMITAL, PALMITAL, Juiz de Fora, MG",,ESTRADA PALMITAL,PALMITAL,Juiz de Fora,MG,36101-000,-21.724600,-43.649785,true
JF-R-0023,rural,true,"RUA EUCLIDES HERCULANO, Juiz de Fora, MG, 36000-001",,RUA EUCLIDES HERCULANO,PEDRA BONITA,Juiz de Fora,MG,36000-001,-21.757757,-43.437079,true
JF-R-0024,rural,true,"Estr. DIRECAO MORRO DO ARREPENDIDO, PENIDO, Juiz de Fora, MG",,ESTRADA DIRECAO MORRO DO ARREPENDIDO,PENIDO,Juiz de Fora,MG,36000-001,-21.748172,-43.518629,true
JF-R-0025,rural,true,"ESTRADA TORREOES, LAGOA, Juiz de Fora, MG, 36000-001",,ESTRADA TORREOES,LAGOA,Juiz de Fora,MG,36000-001,-21.803448,-43.458560,true
JF-R-0026,rural,true,"ESTRADA DIRECAO MORRO DO ARREPENDIDO, VALE DOS MANACAS, Juiz de Fora, MG",,ESTRADA DIRECAO MORRO DO ARREPENDIDO,VALE DOS MANACAS,Juiz de Fora,MG,36000-001,-21.758954,-43.516723,true
JF-R-0027,rural,true,"ESTRADA LAGOA, Juiz de Fora, MG, 36000-001",,ESTRADA LAGOA,LAGOA,Juiz de Fora,MG,36000-001,-21.835922,-43.512137,true
JF-R-0028,rural,true,"Estr. TORREOES, LAGOA, Juiz de Fora, MG",,ESTRADA TORREOES,LAGOA,Juiz de Fora,MG,36000-001,-21.829381,-43.493026,true
JF-R-0029,rural,true,"RUA JURUTI, MONTE VERDE, Juiz de Fora, MG, 36000-001",,RUA JURUTI,MONTE VERDE,Juiz de Fora,MG,36000-001,-21.878320,-43.478530,true
JF-R-0030,rural,true,"ESTRADA TAQUARAL, ROSARIO DE MINAS, Juiz de Fora, MG",,ESTRADA TAQUARAL,ROSARIO DE MINAS,Juiz de Fora,MG,36106-000,-21.665473,-43.589294,true
JF-R-0031,rural,false,"ESTRADA BUIRIR, BUIEIE, Juiz de Fora, MG, 36101-000",,ESTRADA BUIRIR,BUIEIE,Juiz de Fora,MG,36101-000,-21.664315,-43.633864,true
JF-R-0032,rural,false,"RODOVIA BR 267, VALADARES, Juiz de Fora, MG, 36101-000",,RODOVIA BR 267,VALADARES,Juiz de Fora,MG,36101-000,-21.772541,-43.583859,true
JF-R-0033,rural,false,"ESTRADA TORREOES, 605, TORREOES, Juiz de Fora, MG, 36010-000",605,ESTRADA TORREOES,TORREOES,Juiz de Fora,MG,36010-000,-21.881062,-43.484644,true
JF-R-0034,rural,false,"AVENIDA VEREADOR RAYMUNDO HARGREAVES, 5830, MORRO DO SABAO, Juiz de Fora, MG, 36083-770",5830,AVENIDA VEREADOR RAYMUNDO HARGREAVES,MORRO DO SABAO,Juiz de Fora,MG,36083-770,-21.753473,-43.442490,true
JF-R-0035,rural,false,"FAZENDA PENALVA, 3, CAETE, Juiz de Fora, MG, 36101-000",3,FAZENDA PENALVA,CAETE,Juiz de Fora,MG,36101-000,-21.774840,-43.619438,true
JF-R-0036,rural,false,"ESTRADA BR 040, 669, BARREIRA DO TRIUNFO, Juiz de Fora, MG, 36000-001",669,ESTRADA BR 040,BARREIRA DO TRIUNFO,Juiz de Fora,MG,36000-001,-21.635227,-43.439404,true
JF-R-0037,rural,false,"RUA B, 60, CONDOMINIO FAZENDINHA SAO PEDRO, Juiz de Fora, MG, 36000-001",60,RUA B,CONDOMINIO FAZENDINHA SAO PEDRO,Juiz de Fora,MG,36000-001,-21.781113,-43.446203,true
JF-R-0038,rural,false,"ESTRADA SALVATERRA, 5749, SALVATERRA, Juiz de Fora, MG, 36107-000",5749,ESTRADA SALVATERRA,SALVATERRA,Juiz de Fora,MG,36107-000,-21.827941,-43.407930,true
JF-R-0039,rural,false,"RUA EUCLIDES HERCULANO, 5588, PEDRA BONITA, Juiz de Fora, MG, 36000-001",5588,RUA EUCLIDES HERCULANO,PEDRA BONITA,Juiz de Fora,MG,36000-001,-21.755603,-43.436951,true
JF-R-0040,rural,false,"LOTEAMENTO DIAS TAVARES, 6, BOSQUE DIAS TAVARES, Juiz de Fora, MG, 36000-001",6,LOTEAMENTO DIAS TAVARES,BOSQUE DIAS TAVARES,Juiz de Fora,MG,36000-001,-21.645044,-43.473408,true
JF-R-0041,rural,false,"RUA ANTONIO RIBEIRO DE ALMEIDA, 920, LINHARES, Juiz de Fora, MG, 36060-690",920,RUA ANTONIO RIBEIRO DE ALMEIDA,LINHARES,Juiz de Fora,MG,36060-690,-21.721982,-43.333240,true
JF-R-0042,rural,false,"AVENIDA VEREADOR RAYMUNDO HARGREAVES, 725, PEDRA BONITA, Juiz de Fora, MG, 36000-001",725,AVENIDA VEREADOR RAYMUNDO HARGREAVES,PEDRA BONITA,Juiz de Fora,MG,36000-001,-21.748443,-43.419232,true
JF-R-0043,rural,false,"ESTRADA BR 040, 774, BARREIRA DO TRIUNFO, Juiz de Fora, MG, 36000-001",774,ESTRADA BR 040,BARREIRA DO TRIUNFO,Juiz de Fora,MG,36000-001,-21.635403,-43.439396,true
JF-R-0044,rural,false,"ESTRADA MUNICIPAL 160 PARA BELMIRO BRAGA, 3, SALVATERRA, Juiz de Fora, MG, 36107-000",3,ESTRADA MUNICIPAL 160 PARA BELMIRO BRAGA,SALVATERRA,Juiz de Fora,MG,36107-000,-21.880884,-43.399531,true
JF-R-0045,rural,false,"RODOVIA MG 353, 101, SALVATERRA, Juiz de Fora, MG, 36107-000",101,RODOVIA MG 353,SALVATERRA,Juiz de Fora,MG,36107-000,-21.849949,-43.413326,true
JF-R-0046,rural,false,"ESTRADA MG 353, 113, TORREOES, Juiz de Fora, MG, 36107-000",113,ESTRADA MG 353,TORREOES,Juiz de Fora,MG,36107-000,-21.879393,-43.493732,true
JF-R-0047,rural,false,"RUA BOA ESPERANCA, 103, LINHARES, Juiz de Fora, MG, 36060-745",103,RUA BOA ESPERANCA,LINHARES,Juiz de Fora,MG,36060-745,-21.706774,-43.305902,true
JF-R-0048,rural,false,"ESTRADA MONTE VERDE, 111, TORREOES, Juiz de Fora, MG, 36000-001",111,ESTRADA MONTE VERDE,TORREOES,Juiz de Fora,MG,36000-001,-21.879040,-43.478270,true
JF-R-0049,rural,false,"ESTRADA SALVATERRA, 7001, SALVATERRA, Juiz de Fora, MG, 36107-000",7001,ESTRADA SALVATERRA,SALVATERRA,Juiz de Fora,MG,36107-000,-21.830364,-43.413144,true
JF-R-0050,rural,false,"AVENIDA VEREADOR RAYMUNDO HARGREAVES, 1900, PEDRA BONITA, Juiz de Fora, MG, 36000-001",1900,AVENIDA VEREADOR RAYMUNDO HARGREAVES,PEDRA BONITA,Juiz de Fora,MG,36000-001,-21.743004,-43.414107,true
JF-R-0051,rural,false,"AVENIDA VEREADOR RAYMUNDO HARGREAVES, 2250, MORRO DO SABAO, Juiz de Fora, MG, 36083-770",2250,AVENIDA VEREADOR RAYMUNDO HARGREAVES,MORRO DO SABAO,Juiz de Fora,MG,36083-770,-21.745764,-43.416191,true
JF-R-0052,rural,false,"RODOVIA MG 353, 101, SALVATERRA, Juiz de Fora, MG, 36107-000",101,RODOVIA MG 353,SALVATERRA,Juiz de Fora,MG,36107-000,-21.847481,-43.403199,true
JF-R-0053,rural,false,"RODOVIA BR 267, 125, BR 267, Juiz de Fora, MG, 36091-244",125,RODOVIA BR 267,BR 267,Juiz de Fora,MG,36091-244,-21.706711,-43.504916,true
JF-R-0054,rural,false,"AVENIDA VEREADOR RAYMUNDO HARGREAVES, 1989, FONTESVILLE, Juiz de Fora, MG, 36083-770",1989,AVENIDA VEREADOR RAYMUNDO HARGREAVES,FONTESVILLE,Juiz de Fora,MG,36083-770,-21.743353,-43.414526,true
JF-R-0055,rural,false,"AVENIDA VEREADOR RAYMUNDO HARGREAVES, 9007, MORRO DO SABAO, Juiz de Fora, MG, 36083-770",9007,AVENIDA VEREADOR RAYMUNDO HARGREAVES,MORRO DO SABAO,Juiz de Fora,MG,36083-770,-21.748174,-43.425106,true
JF-R-0056,rural,false,"ESTRADA CARACOL, 595, DISTRITO INDUSTRIAL, Juiz de Fora, MG, 36000-001",595,ESTRADA CARACOL,DISTRITO INDUSTRIAL,Juiz de Fora,MG,36000-001,-21.685042,-43.458462,true
JF-R-0057,rural,false,"RUA PROFESSOR WALQUIRIO SEIXAS DE FARIA, 560, ESPLANADA, Juiz de Fora, MG, 36080-460",560,RUA PROFESSOR WALQUIRIO SEIXAS DE FARIA,ESPLANADA,Juiz de Fora,MG,36080-460,-21.741251,-43.380951,true
JF-R-0058,rural,false,"RUA LUIS GONZAGA MEROTTO, 27, CAETE, Juiz de Fora, MG, 36102-000",27,RUA LUIS GONZAGA MEROTTO,CAETE,Juiz de Fora,MG,36102-000,-21.802803,-43.265584,true
JF-R-0059,rural,false,"RUA LUIS GONZAGA MEROTTO, 25, CAETE, Juiz de Fora, MG, 36102-000",25,RUA LUIS GONZAGA MEROTTO,CAETE,Juiz de Fora,MG,36102-000,-21.802717,-43.265648,true
JF-R-0060,rural,false,"ESTRADA CHAPEU DUVAS, 4, CHAPEU DUVAS, Juiz de Fora, MG, 36103-800",4,ESTRADA CHAPEU DUVAS,CHAPEU DUVAS,Juiz de Fora,MG,36103-800,-21.595317,-43.505795,true
JF-R-0061,rural,false,"ESTRADA MONTE VERDE, 111, TORREOES, Juiz de Fora, MG, 36000-001",111,ESTRADA MONTE VERDE,TORREOES,Juiz de Fora,MG,36000-001,-21.879015,-43.478319,true
JF-R-0062,rural,false,"ESTRADA MONTE VERDE, 110, TORREOES, Juiz de Fora, MG, 36000-001",110,ESTRADA MONTE VERDE,TORREOES,Juiz de Fora,MG,36000-001,-21.865224,-43.472624,true
JF-R-0063,rural,false,"ESTRADA MUNICIPAL 160 PARA BELMIRO BRAGA, 3, SALVATERRA, Juiz de Fora, MG, 36107-000",3,ESTRADA MUNICIPAL 160 PARA BELMIRO BRAGA,SALVATERRA,Juiz de Fora,MG,36107-000,-21.881097,-43.399359,true
JF-R-0064,rural,false,"ESTRADA PIRES, 7, PIRES, Juiz de Fora, MG, 36107-500",7,ESTRADA PIRES,PIRES,Juiz de Fora,MG,36107-500,-21.925071,-43.534196,true
JF-R-0065,rural,false,"ESTRADA MONTE VERDE, 111, TORREOES, Juiz de Fora, MG, 36000-001",111,ESTRADA MONTE VERDE,TORREOES,Juiz de Fora,MG,36000-001,-21.878915,-43.478982,true
JF-R-0066,rural,false,"RUA ANTONIO RIBEIRO DE ALMEIDA, 930, LINHARES, Juiz de Fora, MG, 36060-690",930,RUA ANTONIO RIBEIRO DE ALMEIDA,LINHARES,Juiz de Fora,MG,36060-690,-21.719353,-43.331200,true
JF-R-0067,rural,false,"ESTRADA MG 353, 115, LAJEADO, Juiz de Fora, MG, 36107-000",115,ESTRADA MG 353,LAJEADO,Juiz de Fora,MG,36107-000,-21.880813,-43.502150,true
JF-R-0068,rural,false,"RODOVIA BR 267, 75, SARANDIRA, Juiz de Fora, MG, 36104-000",75,RODOVIA BR 267,SARANDIRA,Juiz de Fora,MG,36104-000,-21.763830,-43.215259,true
JF-R-0069,rural,false,"ESTRADA SALVATERRA, 7001, SALVATERRA, Juiz de Fora, MG, 36107-000",7001,ESTRADA SALVATERRA,SALVATERRA,Juiz de Fora,MG,36107-000,-21.831228,-43.413173,true
JF-R-0070,rural,false,"AVENIDA VEREADOR RAYMUNDO HARGREAVES, 9006, PEDRA BONITA, Juiz de Fora, MG, 36000-001",9006,AVENIDA VEREADOR RAYMUNDO HARGREAVES,PEDRA BONITA,Juiz de Fora,MG,36000-001,-21.748080,-43.425141,true
JF-R-0071,rural,false,"AVENIDA VEREADOR RAYMUNDO HARGREAVES, 2187, FONTESVILLE, Juiz de Fora, MG, 36083-770",2187,AVENIDA VEREADOR RAYMUNDO HARGREAVES,FONTESVILLE,Juiz de Fora,MG,36083-770,-21.744890,-43.415906,true
JF-R-0072,rural,false,"AVENIDA VEREADOR RAYMUNDO HARGREAVES, 2237, FONTESVILLE, Juiz de Fora, MG, 36083-770",2237,AVENIDA VEREADOR RAYMUNDO HARGREAVES,FONTESVILLE,Juiz de Fora,MG,36083-770,-21.745160,-43.415949,true
JF-R-0073,rural,false,"ESTRADA MONTE VERDE, 111, TORREOES, Juiz de Fora, MG, 36000-001",111,ESTRADA MONTE VERDE,TORREOES,Juiz de Fora,MG,36000-001,-21.879136,-43.479546,true
JF-R-0074,rural,false,"RUA LUIZ GONZAGA MEROTTO, 157, CAETE, Juiz de Fora, MG, 36104-000",157,RUA LUIZ GONZAGA MEROTTO,CAETE,Juiz de Fora,MG,36104-000,-21.804800,-43.254533,true
JF-R-0075,rural,false,"AVENIDA VEREADOR RAYMUNDO HARGREAVES, 2250, PEDRA BONITA, Juiz de Fora, MG, 36000-001",2250,AVENIDA VEREADOR RAYMUNDO HARGREAVES,PEDRA BONITA,Juiz de Fora,MG,36000-001,-21.745712,-43.416128,true
JF-R-0076,rural,false,"AVENIDA VEREADOR RAYMUNDO HARGREAVES, 6000, MORRO DO SABAO, Juiz de Fora, MG, 36083-770",6000,AVENIDA VEREADOR RAYMUNDO HARGREAVES,MORRO DO SABAO,Juiz de Fora,MG,36083-770,-21.753970,-43.438591,true
JF-R-0077,rural,false,"RUA PROFESSOR WALQUIRIO SEIXAS DE FARIA, 584, ESPLANADA, Juiz de Fora, MG, 36080-460",584,RUA PROFESSOR WALQUIRIO SEIXAS DE FARIA,ESPLANADA,Juiz de Fora,MG,36080-460,-21.741411,-43.380955,true
JF-R-0078,rural,false,"RODOVIA BR 267, 126, BR 267, Juiz de Fora, MG, 36091-237",126,RODOVIA BR 267,BR 267,Juiz de Fora,MG,36091-237,-21.705769,-43.514018,true
JF-R-0079,rural,false,"RODOVIA BR 267, 139, VALADARES, Juiz de Fora, MG, 36101-000",139,RODOVIA BR 267,VALADARES,Juiz de Fora,MG,36101-000,-21.774129,-43.603576,true
JF-R-0080,rural,false,"ESTRADA PRIVILEGIO PARA JACUTINGA, PRIVILEGIO, Juiz de Fora, MG, 36107-500",,ESTRADA PRIVILEGIO PARA JACUTINGA,PRIVILEGIO,Juiz de Fora,MG,36107-500,-21.917159,-43.577768,true
JF-R-0081,rural,false,"ESTRADA TORREOES, MORRO GRANDE, Juiz de Fora, MG, 36000-001",,ESTRADA TORREOES,MORRO GRANDE,Juiz de Fora,MG,36000-001,-21.858404,-43.510357,true
JF-R-0082,rural,false,"ESTRADA EM 240 PENIDO A ROSARIO, ROSARIO DE MINAS, Juiz de Fora, MG, 36106-000",,ESTRADA EM 240 PENIDO A ROSARIO,ROSARIO DE MINAS,Juiz de Fora,MG,36106-000,-21.703352,-43.556645,true
JF-R-0083,rural,false,"ESTRADA CARACOL, DISTRITO INDUSTRIAL, Juiz de Fora, MG, 36000-001",,ESTRADA CARACOL,DISTRITO INDUSTRIAL,Juiz de Fora,MG,36000-001,-21.659913,-43.478080,true
JF-R-0084,rural,false,"ESTRADA LAGOA, LAGOA, Juiz de Fora, MG, 36000-001",,ESTRADA LAGOA,LAGOA,Juiz de Fora,MG,36000-001,-21.811062,-43.462420,true
JF-R-0085,rural,false,"RODOVIA MG 353, SALVATERRA, Juiz de Fora, MG, 36107-000",,RODOVIA MG 353,SALVATERRA,Juiz de Fora,MG,36107-000,-21.842113,-43.393513,true
JF-R-0086,rural,false,"ESTRADA JACUTINGA PARA TORREOS, PIRAPETINGA, Juiz de Fora, MG, 36107-000",,ESTRADA JACUTINGA PARA TORREOS,PIRAPETINGA,Juiz de Fora,MG,36107-000,-21.819155,-43.595063,true
JF-R-0087,rural,false,"RODOVIA BR 267, SARANDIRA, Juiz de Fora, MG, 36104-000",,RODOVIA BR 267,SARANDIRA,Juiz de Fora,MG,36104-000,-21.780433,-43.234557,true
JF-R-0088,rural,false,"ESTRADA BR 040, BARREIRA DO TRIUNFO, Juiz de Fora, MG, 36000-001",,ESTRADA BR 040,BARREIRA DO TRIUNFO,Juiz de Fora,MG,36000-001,-21.617285,-43.453770,true
JF-R-0089,rural,false,"ESTRADA DO LIMOEIRO, LIMOEIRO, Juiz de Fora, MG, 36103-800",,ESTRADA DO LIMOEIRO,LIMOEIRO,Juiz de Fora,MG,36103-800,-21.585385,-43.430742,true
JF-R-0090,rural,false,"RODOVIA BR 267, VALADARES, Juiz de Fora, MG, 36101-000",,RODOVIA BR 267,VALADARES,Juiz de Fora,MG,36101-000,-21.726158,-43.583282,true
JF-R-0091,rural,false,"ESTRADA CHACARA LINHARES, MARMELOS, Juiz de Fora, MG, 36060-700",,ESTRADA CHACARA LINHARES,MARMELOS,Juiz de Fora,MG,36060-700,-21.692443,-43.274860,true
JF-R-0092,rural,false,"ESTRADA EM 240 PENIDO A ROSARIO, ROSARIO DE MINAS, Juiz de Fora, MG, 36106-000",,ESTRADA EM 240 PENIDO A ROSARIO,ROSARIO DE MINAS,Juiz de Fora,MG,36106-000,-21.696115,-43.554801,true
JF-R-0093,rural,false,"ESTRADA FUNDAO 1 ENTRADA, TORREOES, Juiz de Fora, MG, 36107-000",,ESTRADA FUNDAO 1 ENTRADA,TORREOES,Juiz de Fora,MG,36107-000,-21.842371,-43.539177,true
JF-R-0094,rural,false,"ESTRADA CHAPEU DUVAS, CHAPEU DUVAS, Juiz de Fora, MG, 36103-800",,ESTRADA CHAPEU DUVAS,CHAPEU DUVAS,Juiz de Fora,MG,36103-800,-21.627127,-43.495448,true
JF-R-0095,rural,false,"ESTRADA FUNDAO 1 ENTRADA, TORREOES, Juiz de Fora, MG, 36107-000",,ESTRADA FUNDAO 1 ENTRADA,TORREOES,Juiz de Fora,MG,36107-000,-21.822557,-43.571888,true
JF-R-0096,rural,false,"FAZENDA PENALVA, CAETE, Juiz de Fora, MG, 36060-700",,FAZENDA PENALVA,CAETE,Juiz de Fora,MG,36060-700,-21.774804,-43.619630,true
JF-R-0097,rural,false,"RODOVIA BR 267, VALADARES, Juiz de Fora, MG, 36060-700",,RODOVIA BR 267,VALADARES,Juiz de Fora,MG,36060-700,-21.774820,-43.619447,true
JF-R-0098,rural,false,"ESTRADA DO TOZA, VALE DA FRUTA, Juiz de Fora, MG, 36000-001",,ESTRADA DO TOZA,VALE DA FRUTA,Juiz de Fora,MG,36000-001,-21.728437,-43.272692,true
JF-R-0099,rural,false,"RODOVIA BR 267, IGREJINHA, Juiz de Fora, MG, 36091-237",,RODOVIA BR 267,IGREJINHA,Juiz de Fora,MG,36091-237,-21.705536,-43.513560,true
JF-R-0100,rural,false,"ESTRADA TORREOES, TORREOES, Juiz de Fora, MG, 36107-000",,ESTRADA TORREOES,TORREOES,Juiz de Fora,MG,36107-000,-21.860565,-43.526084,true
JF-R-0101,rural,false,"ESTRADA TORREOES, TORREOES, Juiz de Fora, MG, 36000-001",,ESTRADA TORREOES,TORREOES,Juiz de Fora,MG,36000-001,-21.859088,-43.520121,true
JF-R-0102,rural,false,"RODOVIA BR 267, VALADARES, Juiz de Fora, MG, 36101-000",,RODOVIA BR 267,VALADARES,Juiz de Fora,MG,36101-000,-21.733524,-43.589119,true
JF-R-0103,rural,false,"ESTRADA MG 353, PRIVILEGIO, Juiz de Fora, MG, 36107-500",,ESTRADA MG 353,PRIVILEGIO,Juiz de Fora,MG,36107-500,-21.929127,-43.587411,true
JF-R-0104,rural,false,"ESTRADA LAGOA, TORREOES, Juiz de Fora, MG, 36037-724",,ESTRADA LAGOA,TORREOES,Juiz de Fora,MG,36037-724,-21.794489,-43.444394,true
JF-R-0105,rural,false,"ESTRADA FAZENDA ROCHEDO, SARANDIRA, Juiz de Fora, MG, 36104-000",,ESTRADA FAZENDA ROCHEDO,SARANDIRA,Juiz de Fora,MG,36104-000,-21.844031,-43.184717,true
JF-R-0106,rural,false,"ESTRADA BR 040, BARREIRA DO TRIUNFO, Juiz de Fora, MG, 36000-001",,ESTRADA BR 040,BARREIRA DO TRIUNFO,Juiz de Fora,MG,36000-001,-21.616292,-43.431812,true
JF-R-0107,rural,false,"ESTRADA GRANJAMENTO VIA HUMAITA, HUMAITA, Juiz de Fora, MG, 36000-001",,ESTRADA GRANJAMENTO VIA HUMAITA,HUMAITA,Juiz de Fora,MG,36000-001,-21.772439,-43.497186,true
JF-R-0108,rural,false,"ESTRADA BR 040, BARREIRA DO TRIUNFO, Juiz de Fora, MG, 36000-001",,ESTRADA BR 040,BARREIRA DO TRIUNFO,Juiz de Fora,MG,36000-001,-21.635148,-43.439499,true
JF-R-0109,rural,false,"ESTRADA VALADARES A TOLEDO, VALADARES, Juiz de Fora, MG, 36101-000",,ESTRADA VALADARES A TOLEDO,VALADARES,Juiz de Fora,MG,36101-000,-21.778353,-43.574300,true
JF-R-0110,rural,false,"ESTRADA CARACOL, CONTINUA DEPOIS DA RUA DA ESTACAO, Juiz de Fora, MG, 36092-009",,ESTRADA CARACOL,CONTINUA DEPOIS DA RUA DA ESTACAO,Juiz de Fora,MG,36092-009,-21.684063,-43.496391,true
JF-R-0111,rural,false,"ESTRADA TORREOES, TORREOES, Juiz de Fora, MG, 36010-000",,ESTRADA TORREOES,TORREOES,Juiz de Fora,MG,36010-000,-21.881201,-43.485667,true
JF-R-0112,rural,false,"RUA JOSE DOS ANJOS, CACHOEIRINHA, Juiz de Fora, MG, 36091-212",,RUA JOSE DOS ANJOS,CACHOEIRINHA,Juiz de Fora,MG,36091-212,-21.728086,-43.482695,true
JF-R-0113,rural,false,"ESTRADA TORREOES, TORREOES, Juiz de Fora, MG, 36010-000",,ESTRADA TORREOES,TORREOES,Juiz de Fora,MG,36010-000,-21.881066,-43.485741,true
JF-R-0114,rural,false,"ESTRADA INTERNA EM 240 A ROSARIO, ROSARIO DE MINAS, Juiz de Fora, MG, 36106-000",,ESTRADA INTERNA EM 240 A ROSARIO,ROSARIO DE MINAS,Juiz de Fora,MG,36106-000,-21.721891,-43.595549,true
JF-R-0115,rural,false,"RUA JOSE DOS ANJOS, CACHOEIRINHA, Juiz de Fora, MG, 36091-212",,RUA JOSE DOS ANJOS,CACHOEIRINHA,Juiz de Fora,MG,36091-212,-21.737799,-43.475246,true
JF-R-0116,rural,false,"ESTRADA LIGA LAGOA A HUMAITA, HUMAITA, Juiz de Fora, MG, 36081-624",,ESTRADA LIGA LAGOA A HUMAITA,HUMAITA,Juiz de Fora,MG,36081-624,-21.788778,-43.457753,true
JF-R-0117,rural,false,"RUA JOSE DOS ANJOS, CACHOEIRINHA, Juiz de Fora, MG, 36091-212",,RUA JOSE DOS ANJOS,CACHOEIRINHA,Juiz de Fora,MG,36091-212,-21.732404,-43.474190,true
JF-R-0118,rural,false,"ESTRADA PALMITAL A BIAS FORTES, PALMITAL, Juiz de Fora, MG, 36101-000",,ESTRADA PALMITAL A BIAS FORTES,PALMITAL,Juiz de Fora,MG,36101-000,-21.725722,-43.648450,true
JF-R-0119,rural,false,"ESTRADA JACUTINGA PARA PIRAPITINGA, JACUTINGA, Juiz de Fora, MG, 36107-000",,ESTRADA JACUTINGA PARA PIRAPITINGA,JACUTINGA,Juiz de Fora,MG,36107-000,-21.887047,-43.580836,true
JF-R-0120,rural,false,"ESTRADA DE PIRAPETINGA, SANTA BARBARA, Juiz de Fora, MG, 36107-000",,ESTRADA DE PIRAPETINGA,SANTA BARBARA,Juiz de Fora,MG,36107-000,-21.852559,-43.664203,true
JF-R-0121,rural,false,"ESTRADA PIRAPETINGA PARA TORREOS, PIRAPETINGA, Juiz de Fora, MG, 36107-000",,ESTRADA PIRAPETINGA PARA TORREOS,PIRAPETINGA,Juiz de Fora,MG,36107-000,-21.819037,-43.593872,true
JF-R-0122,rural,false,"AVENIDA JUIZ DE FORA, GRAMA, Juiz de Fora, MG, 36048-001",,AVENIDA JUIZ DE FORA,GRAMA,Juiz de Fora,MG,36048-001,-21.672682,-43.338643,true
JF-R-0123,rural,false,"RODOVIA BR 267, VALADARES, Juiz de Fora, MG, 36101-000",,RODOVIA BR 267,VALADARES,Juiz de Fora,MG,36101-000,-21.756603,-43.525196,true
JF-R-0124,rural,false,"RODOVIA BR 267, BR 267, Juiz de Fora, MG, 36087-005",,RODOVIA BR 267,BR 267,Juiz de Fora,MG,36087-005,-21.720771,-43.526817,true
JF-R-0125,rural,false,"ESTRADA CARACOL, DISTRITO INDUSTRIAL, Juiz de Fora, MG, 36000-001",,ESTRADA CARACOL,DISTRITO INDUSTRIAL,Juiz de Fora,MG,36000-001,-21.665598,-43.470328,true
JF-R-0126,rural,false,"ESTRADA DIRECAO MORRO DO ARREPENDIDO, HUMAITA, Juiz de Fora, MG, 36107-000",,ESTRADA DIRECAO MORRO DO ARREPENDIDO,HUMAITA,Juiz de Fora,MG,36107-000,-21.808648,-43.470448,true
JF-R-0127,rural,false,"ESTRADA LAGOA BR 040, TORREOES, Juiz de Fora, MG, 36107-000",,ESTRADA LAGOA BR 040,TORREOES,Juiz de Fora,MG,36107-000,-21.802598,-43.452317,true
JF-R-0128,rural,false,"ESTRADA PENIDO ROSARIO CHAPEU D UVAS, CHAPEU DE UVAS, Juiz de Fora, MG, 36000-001",,ESTRADA PENIDO ROSARIO CHAPEU D UVAS,CHAPEU DE UVAS,Juiz de Fora,MG,36000-001,-21.638933,-43.553658,true
JF-R-0129,rural,false,"ESTRADA TORREOES, TORREOES, Juiz de Fora, MG, 36000-001",,ESTRADA TORREOES,TORREOES,Juiz de Fora,MG,36000-001,-21.858489,-43.501353,true
JF-R-0130,rural,false,"ESTRADA LAGOA, TORREOES, Juiz de Fora, MG, 36107-000",,ESTRADA LAGOA,TORREOES,Juiz de Fora,MG,36107-000,-21.809922,-43.473877,true
JF-R-0131,rural,false,"ALAMEDA DOUTOR MILTON DUARTE, PEDRA BONITA, Juiz de Fora, MG, 36084-071",,ALAMEDA DOUTOR MILTON DUARTE,PEDRA BONITA,Juiz de Fora,MG,36084-071,-21.747821,-43.416162,true
JF-R-0132,rural,false,"ESTRADA CHACARA LINHARES, MARMELOS, Juiz de Fora, MG, 36060-700",,ESTRADA CHACARA LINHARES,MARMELOS,Juiz de Fora,MG,36060-700,-21.681289,-43.308531,true
JF-R-0133,rural,false,"ESTRADA CARACOL, DISTRITO INDUSTRIAL, Juiz de Fora, MG, 36000-001",,ESTRADA CARACOL,DISTRITO INDUSTRIAL,Juiz de Fora,MG,36000-001,-21.684019,-43.467794,true
JF-R-0134,rural,false,"ESTRADA MG 353, MONTE VERDE, Juiz de Fora, MG, 36107-000",,ESTRADA MG 353,MONTE VERDE,Juiz de Fora,MG,36107-000,-21.914228,-43.508430,true
JF-R-0135,rural,false,"RUA MORRO DO SABAO, MORRO DO SABAO, Juiz de Fora, MG, 36107-800",,RUA MORRO DO SABAO,MORRO DO SABAO,Juiz de Fora,MG,36107-800,-21.764443,-43.466015,true
JF-R-0136,rural,false,"ESTRADA DAS ARARAS, HUMAITA, Juiz de Fora, MG, 36000-001",,ESTRADA DAS ARARAS,HUMAITA,Juiz de Fora,MG,36000-001,-21.777553,-43.504869,true
JF-R-0137,rural,false,"ESTRADA DA FAZENDA AGUA DOCE, CONTINUA DEPOIS DA RUA DA ESTACAO, Juiz de Fora, MG, 36092-009",,ESTRADA DA FAZENDA AGUA DOCE,CONTINUA DEPOIS DA RUA DA ESTACAO,Juiz de Fora,MG,36092-009,-21.698283,-43.488433,true
JF-R-0138,rural,false,"ESTRADA DE BIAS FORTE E RIO DO PEIXE, VALADARES, Juiz de Fora, MG, 36101-000",,ESTRADA DE BIAS FORTE E RIO DO PEIXE,VALADARES,Juiz de Fora,MG,36101-000,-21.732863,-43.639335,true
JF-R-0139,rural,false,"ESTRADA LIGA LAGOA A HUMAITA, TORREOES, Juiz de Fora, MG, 36000-001",,ESTRADA LIGA LAGOA A HUMAITA,TORREOES,Juiz de Fora,MG,36000-001,-21.784340,-43.471872,true
JF-R-0140,rural,false,"ESTRADA CEDOFEITA CAETE, SARANDIRA, Juiz de Fora, MG, 36000-001",,ESTRADA CEDOFEITA CAETE,SARANDIRA,Juiz de Fora,MG,36000-001,-21.814953,-43.280862,true
JF-R-0141,rural,false,"ALAMEDA DOUTOR MILTON DUARTE, PEDRA BONITA, Juiz de Fora, MG, 36084-071",,ALAMEDA DOUTOR MILTON DUARTE,PEDRA BONITA,Juiz de Fora,MG,36084-071,-21.747786,-43.416201,true
JF-R-0142,rural,false,"ESTRADA PIRAPETINGA PARA TORREOS, PIRAPETINGA, Juiz de Fora, MG, 36107-000",,ESTRADA PIRAPETINGA PARA TORREOS,PIRAPETINGA,Juiz de Fora,MG,36107-000,-21.867483,-43.606553,true
JF-R-0143,rural,false,"ESTRADA VARGINHA, VARGINHA, Juiz de Fora, MG, 36103-800",,ESTRADA VARGINHA,VARGINHA,Juiz de Fora,MG,36103-800,-21.547143,-43.459747,true
JF-R-0144,rural,false,"ESTRADA SALVATERRA, SALVATERRA, Juiz de Fora, MG, 36107-000",,ESTRADA SALVATERRA,SALVATERRA,Juiz de Fora,MG,36107-000,-21.829418,-43.409163,true
JF-R-0145,rural,false,"ESTRADA GRANJAMENTO VIA HUMAITA, HUMAITA, Juiz de Fora, MG, 36107-000",,ESTRADA GRANJAMENTO VIA HUMAITA,HUMAITA,Juiz de Fora,MG,36107-000,-21.772787,-43.497630,true
JF-R-0146,rural,false,"ESTRADA PIRAPETINGA PARA TORREOS, PIRAPETINGA, Juiz de Fora, MG, 36107-000",,ESTRADA PIRAPETINGA PARA TORREOS,PIRAPETINGA,Juiz de Fora,MG,36107-000,-21.840175,-43.569954,true
JF-R-0147,rural,false,"RUA NOSSA SENHORA APARECIDA, VALE DA FRUTA, Juiz de Fora, MG, 36052-030",,RUA NOSSA SENHORA APARECIDA,VALE DA FRUTA,Juiz de Fora,MG,36052-030,-21.714388,-43.308875,true
JF-R-0148,rural,false,"ESTRADA BUIRIR, BUIEIE, Juiz de Fora, MG, 36101-000",,ESTRADA BUIRIR,BUIEIE,Juiz de Fora,MG,36101-000,-21.665246,-43.633479,true
JF-R-0149,rural,false,"ESTRADA VARGINHA, VARGINHA, Juiz de Fora, MG, 36103-800",,ESTRADA VARGINHA,VARGINHA,Juiz de Fora,MG,36103-800,-21.547148,-43.459649,true
JF-R-0150,rural,false,"FAZENDA SANTA MARIA, ROSARIO DE MINAS, Juiz de Fora, MG, 36106-000",,FAZENDA SANTA MARIA,ROSARIO DE MINAS,Juiz de Fora,MG,36106-000,-21.726186,-43.584414,true
